DATE,ENERGY,T2M,RH2M,CDD10,HDD18_3,ALLSKY,HOLIDAY,dayofweek,is_weekend,month,lag_1,lag_7
2016-01-08,4799.05,10.13,90.28000000000002,3.3600000000000003,195.84,0.96,0,4,0,1,4760.554,2639.858
2016-01-09,2914.316,6.27,91.15000000000002,0.0,309.84000000000003,1.34,1,5,1,1,4799.05,2750.866
2016-01-10,2960.565,8.81,87.08999999999999,0.0,230.39999999999998,1.01,1,6,1,1,2914.316,2729.562
2016-01-11,5105.393,5.53,82.84,0.0,283.68,2.05,0,0,0,1,2960.565,3216.653
2016-01-12,4699.891,3.31,87.71,0.0,358.79999999999995,1.89,0,1,0,1,5105.393,3112.78
2016-01-13,5501.409,4.33,83.55,0.0,332.15999999999997,1.64,0,2,0,1,4699.891,2833.189
2016-01-14,5219.941,5.25,90.23,0.0,305.52,0.89,0,3,0,1,5501.409,4760.554
2016-01-15,4975.019,1.72,84.0,0.0,392.40000000000003,2.01,0,4,0,1,5219.941,4799.05
2016-01-16,3043.008,0.15,81.41,0.0,402.48,2.61,1,5,1,1,4975.019,2914.316
2016-01-17,3108.9030000000002,1.24,74.47,0.0,385.68,2.09,1,6,1,1,3043.008,2960.565
2016-01-18,5453.053,3.14,88.81,0.0,350.4,1.66,0,0,0,1,3108.9030000000002,5105.393
2016-01-19,5466.32,2.03,84.45,0.0,378.0,1.72,0,1,0,1,5453.053,4699.891
2016-01-20,5592.066,2.12,93.84999999999998,0.0,386.15999999999997,1.6499999999999997,0,2,0,1,5466.32,5501.409
2016-01-21,5397.1990000000005,5.27,95.17,0.0,293.28000000000003,1.17,0,3,0,1,5592.066,5219.941
2016-01-22,5010.7519999999995,7.79,98.88,0.0,231.12,0.71,0,4,0,1,5397.1990000000005,4975.019
2016-01-23,2841.759,10.04,88.54,26.160000000000004,173.04,1.72,1,5,1,1,5010.7519999999995,3043.008
2016-01-24,2906.972,9.47,89.69,38.160000000000004,161.04,2.75,1,6,1,1,2841.759,3108.9030000000002
2016-01-25,5446.933,8.49,85.83999999999999,6.48,192.71999999999997,1.6499999999999997,1,0,0,1,2906.972,5453.053
2016-01-26,5408.586,7.04,88.79,0.0,240.24,2.43,1,1,0,1,5446.933,5466.32
2016-01-27,5629.526,6.14,86.53000000000002,0.0,251.28000000000003,1.42,1,2,0,1,5408.586,5592.066
2016-01-28,5689.4039999999995,4.79,92.32,0.0,320.64,0.79,1,3,0,1,5629.526,5397.1990000000005
2016-01-29,3250.214,5.61,79.38,0.0,289.68,1.53,1,4,0,1,5689.4039999999995,5010.7519999999995
2016-01-30,3155.163,3.48,89.83,0.0,365.28000000000003,2.08,1,5,1,1,3250.214,2841.759
2016-01-31,3108.552,7.7,92.32,0.0,228.0,1.4400000000000002,1,6,1,1,3155.163,2906.972
2016-02-01,5587.112,8.2,86.17,0.0,230.16,2.15,0,0,0,2,3108.552,5446.933
2016-02-02,5515.9529999999995,7.02,84.79,0.0,238.07999999999998,1.01,0,1,0,2,5587.112,5408.586
2016-02-03,5473.013,4.75,78.75,0.0,309.84000000000003,2.62,0,2,0,2,5515.9529999999995,5629.526
2016-02-04,5429.716,3.75,74.29,0.0,314.4,3.35,0,3,0,2,5473.013,5689.4039999999995
2016-02-05,5235.056,4.33,74.47,0.0,301.92,3.14,0,4,0,2,5429.716,3250.214
2016-02-06,3115.25,5.34,83.67,0.0,294.0,2.24,1,5,1,2,5235.056,3155.163
2016-02-07,3060.39,4.05,84.21,0.0,336.24,2.67,1,6,1,2,3115.25,3108.552
2016-02-08,5513.267,7.93,88.83999999999999,0.0,238.56,1.82,0,0,0,2,3060.39,5587.112
2016-02-09,5429.101,7.82,89.40000000000002,0.0,247.92000000000002,0.7600000000000001,0,1,0,2,5513.267,5515.9529999999995
2016-02-10,5402.6630000000005,8.26,90.08,0.0,218.16,1.96,0,2,0,2,5429.101,5473.013
2016-02-11,5335.407,8.99,84.2,3.3600000000000003,195.84,2.78,0,3,0,2,5402.6630000000005,5429.716
2016-02-12,5007.01,10.33,90.84999999999998,2.88,196.32,0.7600000000000001,0,4,0,2,5335.407,5235.056
2016-02-13,2919.877,10.9,86.90000000000002,30.240000000000002,168.96,1.58,1,5,1,2,5007.01,3115.25
2016-02-14,2965.699,3.8800000000000003,79.02,0.0,340.56,2.51,1,6,1,2,2919.877,3060.39
2016-02-15,5564.637,2.1,78.19,0.0,396.48,2.7000000000000006,0,0,0,2,2965.699,5513.267
2016-02-16,5924.6269999999995,0.0,74.94,0.0,421.91999999999996,2.78,0,1,0,2,5564.637,5429.101
2016-02-17,6566.08,0.02,82.09,0.0,424.32,3.7900000000000005,0,2,0,2,5924.6269999999995,5402.6630000000005
2016-02-18,6182.053,1.97,80.19,0.0,389.52,2.29,0,3,0,2,6566.08,5335.407
2016-02-19,5470.709,2.23,64.02,0.0,367.20000000000005,4.19,0,4,0,2,6182.053,5007.01
2016-02-20,3043.238,5.33,59.94,0.0,287.52,4.15,1,5,1,2,5470.709,2919.877
2016-02-21,3028.985,4.98,61.28,0.0,294.0,3.89,1,6,1,2,3043.238,2965.699
2016-02-22,5402.405,5.3,72.06,0.0,280.56,3.97,0,0,0,2,3028.985,5564.637
2016-02-23,5395.467,5.37,86.41000000000001,0.0,270.48,4.18,0,1,0,2,5402.405,5924.6269999999995
2016-02-24,5512.465,5.25,89.32,0.0,296.88,2.86,0,2,0,2,5395.467,6566.08
2016-02-25,5521.558,5.06,81.94,0.0,298.56,2.37,0,3,0,2,5512.465,6182.053
2016-02-26,5301.888,3.7999999999999994,90.86,0.0,337.92,1.14,0,4,0,2,5521.558,5470.709
2016-02-27,2973.405,2.2,74.31,0.0,383.04,2.6,1,5,1,2,5301.888,3043.238
2016-02-28,2921.556,3.57,78.7,0.0,348.96,1.97,1,6,1,2,2973.405,3028.985
2016-02-29,5485.961,2.29,73.17,0.0,347.28000000000003,4.28,0,0,0,2,2921.556,5402.405
2016-03-01,5642.495,3.8800000000000003,71.56,0.0,320.15999999999997,4.33,0,1,0,3,5485.961,5395.467
2016-03-02,5533.162,5.61,83.52,0.0,263.28000000000003,4.25,0,2,0,3,5642.495,5512.465
2016-03-03,5307.498,4.77,77.67,0.0,302.88,4.62,0,3,0,3,5533.162,5521.558
2016-03-04,5133.146,4.16,88.39,0.0,311.04,2.33,0,4,0,3,5307.498,5301.888
2016-03-05,3100.608,2.49,78.18,0.0,361.68,3.49,1,5,1,3,5133.146,2973.405
2016-03-06,3021.363,2.94,77.34,0.0,357.84000000000003,3.43,1,6,1,3,3100.608,2921.556
2016-03-07,5295.39,3.58,79.75,0.0,344.64,3.18,0,0,0,3,3021.363,5485.961
2016-03-08,5702.643,3.1199999999999997,75.76,0.0,349.68,3.41,0,1,0,3,5295.39,5642.495
2016-03-09,5764.795,3.68,80.53,0.0,318.96,2.38,0,2,0,3,5702.643,5533.162
2016-03-10,5752.2210000000005,3.65,74.62,0.0,334.08,3.24,0,3,0,3,5764.795,5307.498
2016-03-11,5317.358,3.83,74.79,0.0,318.96,2.5,0,4,0,3,5752.2210000000005,5133.146
2016-03-12,3152.395,3.91,71.1,0.0,312.71999999999997,4.88,1,5,1,3,5317.358,3100.608
2016-03-13,3184.724,3.9,66.86,0.0,315.84000000000003,5.400000000000001,1,6,1,3,3152.395,3021.363
2016-03-14,5410.941,3.08,68.75,0.0,352.56,4.62,0,0,0,3,3184.724,5295.39
2016-03-15,5712.989,3.73,62.4,0.0,338.4,4.65,0,1,0,3,5410.941,5702.643
2016-03-16,5521.102,5.2,63.47,0.0,286.56,5.3,0,2,0,3,5712.989,5764.795
2016-03-17,5476.532,5.14,69.64,0.0,306.24,4.44,0,3,0,3,5521.102,5752.2210000000005
2016-03-18,5260.9220000000005,5.31,80.77,0.0,322.79999999999995,2.77,0,4,0,3,5476.532,5317.358
2016-03-19,2907.464,6.02,85.15,0.0,279.6,2.35,1,5,1,3,5260.9220000000005,3152.395
2016-03-20,2849.002,6.7,77.44,0.0,258.0,3.4,1,6,1,3,2907.464,3184.724
2016-03-21,2851.404,6.36,79.16,0.0,267.6,3.2900000000000005,1,0,0,3,2849.002,5410.941
2016-03-22,2961.436,6.86,73.0,0.0,261.84000000000003,3.8800000000000003,1,1,0,3,2851.404,5712.989
2016-03-23,3030.966,5.0,69.12,0.0,300.48,2.59,1,2,0,3,2961.436,5521.102
2016-03-24,2812.745,6.38,67.69,0.0,256.32,6.03,1,3,0,3,3030.966,5476.532
2016-03-25,2767.381,7.03,87.06,0.0,260.64,2.64,1,4,0,3,2812.745,5260.9220000000005
2016-03-26,2688.811,9.73,82.38,13.200000000000001,186.0,4.61,1,5,1,3,2767.381,2907.464
2016-03-27,2552.131,6.58,70.68,0.0,253.0,5.04,1,6,1,3,2688.811,2849.002
2016-03-28,4759.917,7.77,87.77,0.0,238.56,2.5,0,0,0,3,2552.131,2851.404
2016-03-29,4822.332,9.8,80.65,10.8,188.39999999999998,4.21,0,1,0,3,4759.917,2961.436
2016-03-30,4844.709,10.65,66.66,41.28,157.92000000000002,5.75,0,2,0,3,4822.332,3030.966
2016-03-31,5341.964,4.5,75.92,0.0,345.6,3.28,0,3,0,3,4844.709,2812.745
2016-04-01,5196.299,4.4,64.49,0.0,320.4,6.150000000000001,0,4,0,4,5341.964,2767.381
2016-04-02,2937.083,6.64,58.60999999999999,0.0,287.28000000000003,5.04,1,5,1,4,5196.299,2688.811
2016-04-03,2861.963,7.07,74.58,0.0,259.44,2.5,1,6,1,4,2937.083,2552.131
2016-04-04,5301.187,5.43,86.58999999999999,0.0,295.68,2.27,0,0,0,4,2861.963,4759.917
2016-04-05,5264.423,6.18,72.45,0.0,268.79999999999995,4.96,0,1,0,4,5301.187,4822.332
2016-04-06,5326.7519999999995,7.7,67.07,0.0,228.95999999999998,6.68,0,2,0,4,5264.423,4844.709
2016-04-07,5228.995,8.19,67.79,0.0,218.39999999999998,6.41,0,3,0,4,5326.7519999999995,5341.964
2016-04-08,5345.92,5.24,64.64,0.0,301.44,4.78,0,4,0,4,5228.995,5196.299
2016-04-09,3147.768,6.919999999999999,73.91,0.0,280.79999999999995,5.15,1,5,1,4,5345.92,2937.083
2016-04-10,3121.276,6.2,74.77,0.0,270.24,4.83,1,6,1,4,3147.768,2861.963
2016-04-11,5290.1140000000005,6.48,74.63,0.0,278.15999999999997,3.86,0,0,0,4,3121.276,5301.187
2016-04-12,5371.264,7.09,78.4,0.0,260.64,2.97,0,1,0,4,5290.1140000000005,5264.423
2016-04-13,5193.295,8.07,72.91,0.0,228.24,5.77,0,2,0,4,5371.264,5326.7519999999995
2016-04-14,5072.335,10.51,77.83,14.879999999999999,184.32,3.47,0,3,0,4,5193.295,5228.995
2016-04-15,4681.2029999999995,10.78,79.02,29.04,170.16,5.18,0,4,0,4,5072.335,5345.92
2016-04-16,2815.947,10.0,80.87,0.0,199.92000000000002,3.36,1,5,1,4,4681.2029999999995,3147.768
2016-04-17,2811.59,8.56,73.62,0.0,218.88,5.68,1,6,1,4,2815.947,3121.276
2016-04-18,4175.963,10.800000000000002,63.53,14.879999999999999,184.32,7.169999999999999,0,0,0,4,2811.59,5290.1140000000005
2016-04-19,3933.878,12.089999999999998,77.82,81.84,117.35999999999999,0.94,0,1,0,4,4175.963,5371.264
2016-04-20,4183.184,10.41,81.76,24.48,174.72,2.78,0,2,0,4,3933.878,5193.295
2016-04-21,4037.169,10.42,73.38,30.48,168.72,5.419999999999999,0,3,0,4,4183.184,5072.335
2016-04-22,4076.084,10.4,74.59,26.160000000000004,173.04,4.78,0,4,0,4,4037.169,4681.2029999999995
2016-04-23,2770.173,10.26,75.29,6.720000000000001,192.48,4.45,1,5,1,4,4076.084,2815.947
2016-04-24,2693.568,9.47,68.58,7.4399999999999995,191.76,4.56,1,6,1,4,2770.173,2811.59
2016-04-25,3870.579,9.16,51.85999999999999,0.0,238.79999999999998,7.71,0,0,0,4,2693.568,4175.963
2016-04-26,3827.032,11.76,61.91,39.12,160.07999999999998,7.44,0,1,0,4,3870.579,3933.878
2016-04-27,4018.644,9.77,74.29,11.52,187.68,5.12,0,2,0,4,3827.032,4183.184
2016-04-28,3921.4210000000003,9.09,65.47,0.0,206.64,6.5,0,3,0,4,4018.644,4037.169
2016-04-29,3768.261,10.16,64.66,0.0,203.28000000000003,6.39,0,4,0,4,3921.4210000000003,4076.084
2016-04-30,2765.045,8.11,58.169999999999995,0.0,235.68,7.32,1,5,1,4,3768.261,2770.173
2016-05-01,2786.526,7.18,55.02,0.0,263.76,7.73,1,6,1,5,2765.045,2693.568
2016-05-02,2849.05,9.74,53.29,0.0,199.92000000000002,7.8,1,0,0,5,2786.526,3870.579
2016-05-03,3755.431,12.29,54.12,58.08,141.12,7.79,0,1,0,5,2849.05,3827.032
2016-05-04,3648.869,15.9,50.32,125.28,73.92,7.330000000000001,0,2,0,5,3755.431,4018.644
2016-05-05,3587.945,14.910000000000002,63.78,150.0,49.199999999999996,5.21,0,3,0,5,3648.869,3921.4210000000003
2016-05-06,3390.977,12.300000000000002,77.32,69.36,129.84,4.16,0,4,0,5,3587.945,3768.261
2016-05-07,2692.173,11.79,73.26,59.760000000000005,139.44,5.0,1,5,1,5,3390.977,2765.045
2016-05-08,2617.89,11.51,73.35,49.67999999999999,149.52,2.52,1,6,1,5,2692.173,2786.526
2016-05-09,3494.584,10.9,78.65,42.72,156.48,3.18,0,0,0,5,2617.89,2849.05
2016-05-10,3637.458,9.76,79.92,9.84,189.35999999999999,4.91,0,1,0,5,3494.584,3755.431
2016-05-11,3783.838,10.2,72.02,19.919999999999998,179.28,5.04,0,2,0,5,3637.458,3648.869
2016-05-12,3789.475,9.65,76.39,11.040000000000001,188.16,4.95,0,3,0,5,3783.838,3587.945
2016-05-13,2983.861,10.46,76.72,1.6800000000000002,197.52,3.23,0,4,0,5,3789.475,3390.977
2016-05-14,2872.398,12.69,72.69,60.72,138.48,3.7000000000000006,1,5,1,5,2983.861,2692.173
2016-05-15,2762.277,12.94,69.32,79.92,119.28,5.54,1,6,1,5,2872.398,2617.89
2016-05-16,3531.575,12.910000000000002,61.32,66.0,133.2,8.03,0,0,0,5,2762.277,3494.584
2016-05-17,3573.329,15.11,60.32,116.39999999999999,82.80000000000001,6.13,0,1,0,5,3531.575,3637.458
2016-05-18,3416.029,15.57,60.94,137.52,61.67999999999999,7.830000000000001,0,2,0,5,3573.329,3783.838
2016-05-19,3618.9139999999998,15.13,66.59,118.80000000000001,80.4,8.08,0,3,0,5,3416.029,3789.475
2016-05-20,3521.709,17.81,55.84,170.16,29.04,8.04,0,4,0,5,3618.9139999999998,2983.861
2016-05-21,2847.974,17.64,63.59,188.88,10.32,6.0,1,5,1,5,3521.709,2872.398
2016-05-22,2787.928,13.24,57.98,63.599999999999994,135.60000000000002,7.8,1,6,1,5,2847.974,2762.277
2016-05-23,3467.081,12.26,48.91,47.519999999999996,151.68,6.27,0,0,0,5,2787.928,3531.575
2016-05-24,3554.955,15.26,58.32,135.35999999999999,63.84,6.48,0,1,0,5,3467.081,3573.329
2016-05-25,3358.48,14.38,65.62,108.96000000000001,90.24,6.400000000000001,0,2,0,5,3554.955,3416.029
2016-05-26,3313.767,15.33,63.02,125.03999999999999,74.16,6.02,0,3,0,5,3358.48,3618.9139999999998
2016-05-27,3218.425,15.85,58.04999999999999,147.12,52.08,6.919999999999999,0,4,0,5,3313.767,3521.709
2016-05-28,2731.668,12.96,73.78,84.96000000000001,114.24,2.57,1,5,1,5,3218.425,2847.974
2016-05-29,2697.567,12.270000000000001,72.02,72.24,126.96000000000001,5.33,1,6,1,5,2731.668,2787.928
2016-05-30,3418.443,12.46,64.17,54.0,145.2,5.43,0,0,0,5,2697.567,3467.081
2016-05-31,3448.059,14.050000000000002,59.27,93.6,105.60000000000001,6.78,0,1,0,5,3418.443,3554.955
2016-06-01,3461.823,14.28,49.53,90.24,108.96000000000001,8.66,0,2,0,6,3448.059,3358.48
2016-06-02,3518.618,16.79,51.669999999999995,133.2,66.0,8.42,0,3,0,6,3461.823,3313.767
2016-06-03,3369.311,17.4,62.57,187.92000000000002,11.28,7.400000000000001,0,4,0,6,3518.618,3218.425
2016-06-04,2829.18,17.61,63.54999999999999,173.04,26.160000000000004,8.17,1,5,1,6,3369.311,2731.668
2016-06-05,2772.417,18.32,59.46,194.88,4.32,7.03,1,6,1,6,2829.18,2697.567
2016-06-06,3340.753,18.09,63.35999999999999,206.88,0.0,7.82,0,0,0,6,2772.417,3418.443
2016-06-07,3509.658,20.77,53.080000000000005,258.0,0.0,8.28,0,1,0,6,3340.753,3448.059
2016-06-08,3659.767,21.790000000000003,52.28,276.96,0.0,8.46,0,2,0,6,3509.658,3461.823
2016-06-09,6072.415,22.350000000000005,54.85999999999999,290.4,0.0,8.02,0,3,0,6,3659.767,3518.618
2016-06-10,6188.733,19.01,63.5,217.92000000000002,0.0,6.81,0,4,0,6,6072.415,3369.311
2016-06-11,4341.781,17.86,60.37,193.44,5.76,8.3,1,5,1,6,6188.733,2829.18
2016-06-12,4268.26,19.35,62.22,209.76,0.0,7.650000000000001,1,6,1,6,4341.781,2772.417
2016-06-13,6168.556,19.77,60.07,244.79999999999998,0.0,7.79,0,0,0,6,4268.26,3340.753
2016-06-14,5493.811,15.58,63.94,132.48,66.72,6.400000000000001,0,1,0,6,6168.556,3509.658
2016-06-15,5385.699,12.5,67.31,71.28,127.92,4.07,0,2,0,6,5493.811,3659.767
2016-06-16,4606.886,12.33,67.69,59.28,139.92000000000002,3.75,0,3,0,6,5385.699,6072.415
2016-06-17,3948.998,12.87,67.96,65.28,133.92000000000002,4.65,0,4,0,6,4606.886,6188.733
2016-06-18,2730.923,13.9,59.89000000000001,87.12,112.08,6.2,1,5,1,6,3948.998,4341.781
2016-06-19,2671.502,15.589999999999998,60.79999999999999,129.84,69.36,8.27,1,6,1,6,2730.923,4268.26
2016-06-20,4883.9,19.96,53.98,220.56,0.0,8.27,0,0,0,6,2671.502,6168.556
2016-06-21,5361.446,24.06,46.31,319.44,0.0,8.23,0,1,0,6,4883.9,5493.811
2016-06-22,5914.665,24.040000000000003,40.67,334.56,0.0,8.4,0,2,0,6,5361.446,5385.699
2016-06-23,5957.166,22.09,49.65,285.36,0.0,8.11,0,3,0,6,5914.665,4606.886
2016-06-24,5643.935,21.600000000000005,54.20000000000001,287.52,0.0,6.739999999999999,0,4,0,6,5957.166,3948.998
2016-06-25,2896.4,18.6,58.70000000000001,226.07999999999998,0.0,8.36,1,5,1,6,5643.935,2730.923
2016-06-26,2835.861,17.32,55.10999999999999,196.32,2.88,8.27,1,6,1,6,2896.4,2671.502
2016-06-27,5539.105,19.24,47.919999999999995,222.24,0.0,8.37,1,0,0,6,2835.861,4883.9
2016-06-28,6055.8009999999995,21.679999999999996,45.60999999999999,275.76,0.0,8.33,1,1,0,6,5539.105,5361.446
2016-06-29,5973.561,21.27,50.34,270.48,0.0,8.24,1,2,0,6,6055.8009999999995,5914.665
2016-06-30,5655.378,21.51,50.919999999999995,271.44,0.0,8.2,1,3,0,6,5973.561,5957.166
2016-07-01,5467.445,22.01,49.330000000000005,285.36,0.0,8.49,1,4,0,7,5655.378,5643.935
2016-07-02,2906.671,20.95,53.88,267.36,0.0,8.37,1,5,1,7,5467.445,2896.4
2016-07-03,2860.355,21.570000000000004,44.54999999999999,279.36,0.0,8.49,1,6,1,7,2906.671,2835.861
2016-07-04,5667.629,21.850000000000005,57.0,296.88,0.0,6.96,0,0,0,7,2860.355,5539.105
2016-07-05,5629.787,22.86,58.15,312.0,0.0,7.32,0,1,0,7,5667.629,6055.8009999999995
2016-07-06,5786.498,23.41,55.04,312.71999999999997,0.0,8.3,0,2,0,7,5629.787,5973.561
2016-07-07,5513.983,22.95,60.45000000000001,305.04,0.0,6.54,0,3,0,7,5786.498,5655.378
2016-07-08,5772.437,24.23,51.27,342.71999999999997,0.0,8.21,0,4,0,7,5513.983,5467.445
2016-07-09,3052.728,25.24,48.330000000000005,357.36,0.0,8.14,1,5,1,7,5772.437,2906.671
2016-07-10,2927.369,25.73,46.39000000000001,380.64,0.0,8.16,1,6,1,7,3052.728,2860.355
2016-07-11,5740.87,22.36,49.66,296.15999999999997,0.0,7.900000000000001,0,0,0,7,2927.369,5667.629
2016-07-12,5311.245,19.11,51.98,230.88,0.0,8.27,0,1,0,7,5740.87,5629.787
2016-07-13,4913.711,16.33,48.79999999999999,163.2,36.0,8.51,0,2,0,7,5311.245,5786.498
2016-07-14,5083.43,16.32,46.62,157.2,42.0,8.42,0,3,0,7,4913.711,5513.983
2016-07-15,5030.101,17.89,40.74,197.28000000000003,1.92,8.55,0,4,0,7,5083.43,5772.437
2016-07-16,2832.859,21.37,38.82,267.36,0.0,8.36,1,5,1,7,5030.101,3052.728
2016-07-17,2840.637,24.67,34.43,339.84000000000003,0.0,8.28,1,6,1,7,2832.859,2927.369
2016-07-18,6137.173,26.540000000000003,29.820000000000004,399.59999999999997,0.0,8.21,1,0,0,7,2840.637,5740.87
2016-07-19,5939.433,26.11,32.06,371.76,0.0,8.21,1,1,0,7,6137.173,5311.245
2016-07-20,5722.148,25.23,37.16,367.44,0.0,7.87,1,2,0,7,5939.433,4913.711
2016-07-21,5596.387,21.58,52.03,280.32,0.0,7.87,1,3,0,7,5722.148,5083.43
2016-07-22,5151.429,20.35,52.85,262.79999999999995,0.0,8.05,1,4,0,7,5596.387,5030.101
2016-07-23,2933.516,19.81,54.21,246.48,0.0,7.98,1,5,1,7,5151.429,2832.859
2016-07-24,2864.214,21.07,45.37,272.64,0.0,8.05,1,6,1,7,2933.516,2840.637
2016-07-25,5337.274,22.73,42.97,304.79999999999995,0.0,8.08,1,0,0,7,2864.214,6137.173
2016-07-26,5527.782,24.24,44.66,348.48,0.0,7.919999999999999,1,1,0,7,5337.274,5939.433
2016-07-27,5230.415,22.31,47.41,314.4,0.0,7.75,1,2,0,7,5527.782,5722.148
2016-07-28,5238.717,23.23,41.85,317.52,0.0,7.75,1,3,0,7,5230.415,5596.387
2016-07-29,5230.007,25.69,39.02,381.36,0.0,7.47,1,4,0,7,5238.717,5151.429
2016-07-30,2484.162,25.48,38.03,374.4,0.0,7.78,1,5,1,7,5230.007,2933.516
2016-07-31,2473.198,21.7,55.79999999999999,289.20000000000005,0.0,7.260000000000001,1,6,1,7,2484.162,2864.214
2016-08-01,3639.529,22.08,47.15,290.15999999999997,0.0,7.73,1,0,0,8,2473.198,5337.274
2016-08-02,3767.754,23.820000000000004,39.63,331.20000000000005,0.0,7.78,1,1,0,8,3639.529,5527.782
2016-08-03,3843.469,24.53,38.12,346.79999999999995,0.0,7.73,1,2,0,8,3767.754,5230.415
2016-08-04,3672.43,22.7,53.88,309.84000000000003,0.0,7.19,1,3,0,8,3843.469,5238.717
2016-08-05,3483.261,20.41,47.51,260.88,0.0,7.66,1,4,0,8,3672.43,5230.007
2016-08-06,2451.646,21.21,40.44,282.0,0.0,7.77,1,5,1,8,3483.261,2484.162
2016-08-07,2482.224,22.76,40.61,314.88,0.0,7.669999999999999,1,6,1,8,2451.646,2473.198
2016-08-08,3823.916,23.47,42.42,326.88,0.0,7.580000000000001,1,0,0,8,2482.224,3639.529
2016-08-09,3431.148,20.5,53.69,260.15999999999997,0.0,7.29,1,1,0,8,3823.916,3767.754
2016-08-10,3219.085,17.07,46.830000000000005,189.35999999999999,9.84,7.47,1,2,0,8,3431.148,3843.469
2016-08-11,3170.604,17.36,45.82,176.88,22.32,7.400000000000001,1,3,0,8,3219.085,3672.43
2016-08-12,3398.035,21.32,38.0,261.6,0.0,7.19,1,4,0,8,3170.604,3483.261
2016-08-13,2423.878,24.48,30.42,347.28000000000003,0.0,7.34,1,5,1,8,3398.035,2451.646
2016-08-14,2447.42,25.679999999999996,32.73,368.64,0.0,6.510000000000001,1,6,1,8,2423.878,2482.224
2016-08-15,3674.632,25.58,32.4,366.48,0.0,6.81,1,0,0,8,2447.42,3823.916
2016-08-16,4346.249,24.19,38.68,333.12,0.0,6.89,1,1,0,8,3674.632,3431.148
2016-08-17,4228.464,21.88,48.0,298.56,0.0,6.25,1,2,0,8,4346.249,3219.085
2016-08-18,4170.646,22.320000000000004,47.37,293.52,0.0,7.02,1,3,0,8,4228.464,3170.604
2016-08-19,4219.923,22.55,47.54999999999999,297.84000000000003,0.0,6.34,1,4,0,8,4170.646,3398.035
2016-08-20,2344.573,20.07,53.14000000000001,252.95999999999998,0.0,6.830000000000001,1,5,1,8,4219.923,2423.878
2016-08-21,2313.255,19.62,44.77,239.04000000000002,0.0,6.96,1,6,1,8,2344.573,2447.42
2016-08-22,4442.176,23.790000000000003,34.87,318.71999999999997,0.0,7.010000000000001,1,0,0,8,2313.255,3674.632
2016-08-23,4721.825,26.62,37.18,395.76,0.0,6.68,1,1,0,8,4442.176,4346.249
2016-08-24,4909.269,26.52,33.21,397.43999999999994,0.0,6.68,1,2,0,8,4721.825,4228.464
2016-08-25,4724.138,26.0,30.679999999999996,377.76,0.0,6.59,1,3,0,8,4909.269,4170.646
2016-08-26,4041.605,23.53,41.56,327.84000000000003,0.0,4.61,1,4,0,8,4724.138,4219.923
2016-08-27,2191.62,25.2,39.1,381.36,0.0,6.62,1,5,1,8,4041.605,2344.573
2016-08-28,2179.383,23.12,46.04,324.71999999999997,0.0,6.53,1,6,1,8,2191.62,2313.255
2016-08-29,2510.585,19.59,56.669999999999995,252.71999999999997,0.0,6.599999999999999,1,0,0,8,2179.383,4442.176
2016-08-30,4035.886,19.33,49.76,236.16,0.0,6.53,1,1,0,8,2510.585,4721.825
2016-08-31,3804.07,20.62,52.330000000000005,260.4,0.0,6.419999999999999,1,2,0,8,4035.886,4909.269
2016-09-01,3892.904,23.19,47.85999999999999,324.48,0.0,6.06,1,3,0,9,3804.07,4724.138
2016-09-02,4107.795,24.92,38.16,359.28000000000003,0.0,6.28,1,4,0,9,3892.904,4041.605
2016-09-03,2366.473,25.87,37.39,380.64,0.0,6.150000000000001,1,5,1,9,4107.795,2191.62
2016-09-04,2373.307,25.59,35.59,382.56,0.0,5.900000000000001,1,6,1,9,2366.473,2179.383
2016-09-05,4863.194,24.88,36.02,368.15999999999997,0.0,6.239999999999999,0,0,0,9,2373.307,2510.585
2016-09-06,4949.9,27.22,29.14,418.56000000000006,0.0,6.05,0,1,0,9,4863.194,4035.886
2016-09-07,5103.008,27.350000000000005,26.51,419.52,0.0,6.19,0,2,0,9,4949.9,3804.07
2016-09-08,4290.392,20.99,56.35,289.92,0.0,5.94,0,3,0,9,5103.008,3892.904
2016-09-09,4313.616,20.12,51.24,242.16,0.0,5.91,0,4,0,9,4290.392,4107.795
2016-09-10,2383.38,21.13,46.37,266.88,0.0,5.79,1,5,1,9,4313.616,2366.473
2016-09-11,2385.511,22.44,41.98,306.24,0.0,5.87,1,6,1,9,2383.38,2373.307
2016-09-12,4859.246,23.31,34.63,327.84000000000003,0.0,5.86,0,0,0,9,2385.511,4863.194
2016-09-13,4260.522,16.66,61.28,143.76,55.44,2.09,0,1,0,9,4859.246,4949.9
2016-09-14,4166.498,11.75,67.15,61.199999999999996,138.0,3.2900000000000005,0,2,0,9,4260.522,5103.008
2016-09-15,4132.949,13.06,67.04,87.12,112.08,2.7000000000000006,0,3,0,9,4166.498,4290.392
2016-09-16,4105.514,15.050000000000002,67.97,129.60000000000002,69.6,4.93,0,4,0,9,4132.949,4313.616
2016-09-17,2489.747,12.770000000000001,70.22,80.88,118.32,3.98,1,5,1,9,4105.514,2383.38
2016-09-18,2486.307,13.770000000000001,61.52,107.03999999999999,92.16,5.59,1,6,1,9,2489.747,2385.511
2016-09-19,4323.925,14.28,59.35,117.84,81.36,5.580000000000001,0,0,0,9,2486.307,4859.246
2016-09-20,4428.55,15.36,61.6,150.24,48.96,5.5,0,1,0,9,4323.925,4260.522
2016-09-21,4538.44,16.97,50.72,179.04,20.16,5.46,0,2,0,9,4428.55,4166.498
2016-09-22,4498.741,16.01,48.28,152.16,47.04,4.96,0,3,0,9,4538.44,4132.949
2016-09-23,4088.4900000000002,17.04,52.60999999999999,190.32,8.879999999999999,5.37,0,4,0,9,4498.741,4105.514
2016-09-24,2657.343,17.57,42.21,195.12,4.08,4.99,1,5,1,9,4088.4900000000002,2489.747
2016-09-25,2646.768,16.08,64.61,168.0,31.200000000000003,4.84,1,6,1,9,2657.343,2486.307
2016-09-26,3988.254,15.949999999999998,61.57,159.84,39.36,4.51,0,0,0,9,2646.768,4323.925
2016-09-27,4105.545,16.8,64.56,181.2,18.0,5.03,0,1,0,9,3988.254,4428.55
2016-09-28,4129.087,17.74,60.97,206.88,0.0,5.12,0,2,0,9,4105.545,4538.44
2016-09-29,4210.767,17.75,46.60999999999999,191.52,7.68,5.04,0,3,0,9,4129.087,4498.741
2016-09-30,3440.991,17.76,48.01,192.24,6.959999999999999,4.23,0,4,0,9,4210.767,4088.4900000000002
2016-10-01,2621.462,16.51,57.6,166.07999999999998,33.12,4.57,1,5,1,10,3440.991,2657.343
2016-10-02,2573.16,15.21,50.330000000000005,145.68,53.519999999999996,4.84,1,6,1,10,2621.462,2646.768
2016-10-03,3256.815,16.9,43.47,186.96,12.24,4.67,0,0,0,10,2573.16,3988.254
2016-10-04,3466.786,17.14,41.08,203.76,0.0,4.63,0,1,0,10,3256.815,4105.545
2016-10-05,3529.866,16.81,55.76,183.60000000000002,15.600000000000001,3.97,0,2,0,10,3466.786,4129.087
2016-10-06,3601.091,16.91,52.24,182.16,17.04,4.05,0,3,0,10,3529.866,4210.767
2016-10-07,3447.008,15.79,40.38,140.88,58.32000000000001,4.29,0,4,0,10,3601.091,3440.991
2016-10-08,2912.431,15.82,52.919999999999995,164.88,34.32,4.29,1,5,1,10,3447.008,2621.462
2016-10-09,2793.568,13.78,58.919999999999995,122.16,77.03999999999999,4.4,1,6,1,10,2912.431,2573.16
2016-10-10,3409.241,12.33,54.66,66.48,132.72,4.22,0,0,0,10,2793.568,3256.815
2016-10-11,3575.7709999999997,14.520000000000001,45.12,122.88,76.32000000000001,3.91,0,1,0,10,3409.241,3466.786
2016-10-12,2846.272,11.68,80.24,50.16,149.04,1.8,1,2,0,10,3575.7709999999997,3529.866
2016-10-13,3663.027,11.589999999999998,83.47,47.76,151.44,2.02,0,3,0,10,2846.272,3601.091
2016-10-14,3523.641,10.47,70.05,42.480000000000004,156.72,3.57,0,4,0,10,3663.027,3447.008
2016-10-15,2741.589,10.71,67.06,36.72,162.48,4.04,1,5,1,10,3523.641,2912.431
2016-10-16,2719.765,11.87,64.84,56.88,142.32,2.92,1,6,1,10,2741.589,2793.568
2016-10-17,3638.295,13.18,72.44,89.52,109.68,2.47,0,0,0,10,2719.765,3409.241
2016-10-18,3668.261,13.550000000000002,73.85,108.47999999999999,90.72,2.82,0,1,0,10,3638.295,3575.7709999999997
2016-10-19,3663.817,13.050000000000002,71.81,87.36,111.84,2.41,0,2,0,10,3668.261,2846.272
2016-10-20,3779.891,11.89,70.53,67.67999999999999,131.52,3.57,0,3,0,10,3663.817,3663.027
2016-10-21,3637.036,11.68,68.27,45.12,154.07999999999998,3.83,0,4,0,10,3779.891,3523.641
2016-10-22,2889.073,13.21,80.77,73.92,125.28,2.28,1,5,1,10,3637.036,2741.589
2016-10-23,2875.665,12.339999999999998,77.77,57.84,141.35999999999999,2.73,1,6,1,10,2889.073,2719.765
2016-10-24,3832.927,9.99,79.21,18.96,180.24,2.18,0,0,0,10,2875.665,3638.295
2016-10-25,3803.792,13.589999999999998,76.53,89.76,109.44,2.53,0,1,0,10,3832.927,3668.261
2016-10-26,3648.578,15.11,74.3,147.12,52.08,2.91,0,2,0,10,3803.792,3663.817
2016-10-27,3725.623,14.729999999999999,68.36,156.96,42.24,3.51,0,3,0,10,3648.578,3779.891
2016-10-28,3417.201,15.550000000000002,61.43,164.16,35.04,3.5499999999999994,0,4,0,10,3725.623,3637.036
2016-10-29,2760.874,15.660000000000002,61.56,170.88,28.32,3.6300000000000003,1,5,1,10,3417.201,2889.073
2016-10-30,2879.975,13.86,42.8,145.75,61.75000000000001,3.73,1,6,1,10,2760.874,2875.665
2016-10-31,2841.178,13.49,37.57,122.64000000000001,76.56,3.59,1,0,0,10,2879.975,3832.927
2016-11-01,2844.174,12.050000000000002,54.96,59.28,139.92000000000002,2.72,1,1,0,11,2841.178,3803.792
2016-11-02,3749.457,13.9,56.70000000000001,114.24,84.96000000000001,3.36,0,2,0,11,2844.174,3648.578
2016-11-03,4685.653,12.86,66.2,84.0,115.19999999999999,2.83,0,3,0,11,3749.457,3725.623
2016-11-04,4785.262,11.050000000000002,87.25,39.12,160.07999999999998,0.9,0,4,0,11,4685.653,3417.201
2016-11-05,2883.923,8.67,87.49,0.0,272.4,0.92,1,5,1,11,4785.262,2760.874
2016-11-06,2833.584,4.54,81.65,0.0,311.52,2.86,1,6,1,11,2883.923,2879.975
2016-11-07,5312.705,3.18,83.71,0.0,348.71999999999997,2.41,0,0,0,11,2833.584,2841.178
2016-11-08,5304.333,3.98,79.35,0.0,320.4,2.94,0,1,0,11,5312.705,2844.174
2016-11-09,5099.814,7.11,78.5,0.0,276.48,2.44,0,2,0,11,5304.333,3749.457
2016-11-10,5190.881,4.67,86.73,0.0,296.88,2.9599999999999995,0,3,0,11,5099.814,4685.653
2016-11-11,4130.134,6.260000000000001,79.63,0.0,272.15999999999997,2.05,0,4,0,11,5190.881,4785.262
2016-11-12,2898.879,6.56,96.28000000000002,0.0,273.6,1.27,1,5,1,11,4130.134,2883.923
2016-11-13,2912.13,8.64,83.65,0.0,210.0,2.07,1,6,1,11,2898.879,2833.584
2016-11-14,5275.242,6.82,76.78,0.0,252.48,2.55,0,0,0,11,2912.13,5312.705
2016-11-15,5374.947,6.27,72.45,0.0,242.64,2.93,0,1,0,11,5275.242,5304.333
2016-11-16,5292.683,7.66,81.28,0.0,215.52,2.82,0,2,0,11,5374.947,5099.814
2016-11-17,5223.792,8.24,86.58,6.24,192.95999999999998,2.61,0,3,0,11,5292.683,5190.881
2016-11-18,4822.7,7.849999999999999,85.75,0.0,243.84,1.3999999999999997,0,4,0,11,5223.792,4130.134
2016-11-19,3133.448,5.41,79.36,0.0,294.0,2.43,1,5,1,11,4822.7,2898.879
2016-11-20,2974.668,8.57,91.90000000000002,0.0,236.39999999999998,0.64,1,6,1,11,3133.448,2912.13
2016-11-21,5129.948,7.849999999999999,82.12,0.0,260.4,2.3,0,0,0,11,2974.668,5275.242
2016-11-22,5416.345,4.29,85.37,0.0,322.08,0.98,0,1,0,11,5129.948,5374.947
2016-11-23,5284.62,3.3699999999999997,89.71999999999998,0.0,343.92,0.65,0,2,0,11,5416.345,5292.683
2016-11-24,5272.871,2.76,82.85,0.0,362.64,1.59,0,3,0,11,5284.62,5223.792
2016-11-25,5179.689,2.55,85.52,0.0,363.36,1.86,1,4,0,11,5272.871,4822.7
2016-11-26,2952.434,4.3,90.91000000000001,0.0,320.88,1.38,1,5,1,11,5179.689,3133.448
2016-11-27,2952.974,6.82,86.16000000000001,0.0,254.88,1.68,1,6,1,11,2952.434,2974.668
2016-11-28,5229.816,5.72,85.62,0.0,263.28000000000003,2.25,0,0,0,11,2952.974,5129.948
2016-11-29,5522.636,5.45,85.42,0.0,272.64,1.79,0,1,0,11,5229.816,5416.345
2016-11-30,5375.784,7.14,87.21,0.0,241.44,2.32,0,2,0,11,5522.636,5284.62
2016-12-01,5330.4,7.32,87.19,0.0,242.39999999999998,1.82,0,3,0,12,5375.784,5272.871
2016-12-02,5037.04,7.25,83.37,0.0,239.76,2.13,0,4,0,12,5330.4,5179.689
2016-12-03,2870.621,6.510000000000001,84.71,0.0,250.79999999999998,2.33,1,5,1,12,5037.04,2952.434
2016-12-04,2862.578,8.73,86.33999999999999,0.0,208.32,1.17,1,6,1,12,2870.621,2952.974
2016-12-05,3026.998,8.65,81.9,0.0,205.44,1.41,1,0,0,12,2862.578,5229.816
2016-12-06,3034.597,7.22,88.93,0.0,227.04000000000002,1.54,1,1,0,12,3026.998,5522.636
2016-12-07,5075.301,6.96,86.91000000000001,0.0,232.32,1.33,0,2,0,12,3034.597,5375.784
2016-12-08,3114.938,5.57,86.52,0.0,270.24,1.82,1,3,0,12,5075.301,5330.4
2016-12-09,4878.552,4.86,89.96,0.0,280.79999999999995,2.31,0,4,0,12,3114.938,5037.04
2016-12-10,2941.755,6.419999999999999,89.86,0.0,250.32,2.17,1,5,1,12,4878.552,2870.621
2016-12-11,2947.847,5.36,90.39,0.0,286.32,1.7700000000000002,1,6,1,12,2941.755,2862.578
2016-12-12,5513.365,6.169999999999999,92.44,0.0,242.88,1.9400000000000002,0,0,0,12,2947.847,3026.998
2016-12-13,5594.208,5.71,85.69,0.0,276.48,1.38,0,1,0,12,5513.365,3034.597
2016-12-14,5399.541,4.21,93.09999999999998,0.0,326.15999999999997,0.9,0,2,0,12,5594.208,5075.301
2016-12-15,5185.618,4.47,89.24,0.0,307.92,1.09,0,3,0,12,5399.541,3114.938
2016-12-16,4896.05,4.76,90.74,0.0,315.84000000000003,1.03,0,4,0,12,5185.618,4878.552
2016-12-17,2965.052,5.89,85.57,0.0,270.48,2.21,1,5,1,12,4896.05,2941.755
2016-12-18,2946.456,3.2900000000000005,80.77,0.0,341.28000000000003,2.33,1,6,1,12,2965.052,2947.847
2016-12-19,5352.187,1.7299999999999998,87.21999999999998,0.0,364.79999999999995,2.22,0,0,0,12,2946.456,5513.365
2016-12-20,5278.274,2.9500000000000006,91.07,0.0,335.52,1.25,0,1,0,12,5352.187,5594.208
2016-12-21,5363.714,4.69,87.49,0.0,307.44,1.43,0,2,0,12,5278.274,5399.541
2016-12-22,5192.495,6.239999999999999,93.46,0.0,265.92,1.79,0,3,0,12,5363.714,5185.618
2016-12-23,4729.464,5.01,94.43,0.0,291.6,1.71,1,4,0,12,5192.495,4896.05
2016-12-24,3622.931,4.87,88.38,0.0,284.15999999999997,0.83,1,5,1,12,4729.464,2965.052
2016-12-25,3591.331,2.9500000000000006,95.34999999999998,0.0,343.92,1.02,1,6,1,12,3622.931,2946.456
2016-12-26,3696.86,3.5,86.33,0.0,314.4,1.39,1,0,0,12,3591.331,5352.187
2016-12-27,3794.973,5.580000000000001,71.44,0.0,270.71999999999997,1.86,1,1,0,12,3696.86,5278.274
2016-12-28,3828.1,5.93,62.81,0.0,256.32,2.31,1,2,0,12,3794.973,5363.714
2016-12-29,3804.428,2.41,82.86,0.0,331.44,2.42,1,3,0,12,3828.1,5192.495
2016-12-30,4079.672,2.76,53.919999999999995,0.0,333.12,2.26,1,4,0,12,3804.428,4729.464
2016-12-31,3891.568,1.66,53.74,0.0,377.04,2.44,1,5,1,12,4079.672,3622.931
2017-01-01,3173.542,0.3,69.97,0.0,396.96,2.26,1,6,1,1,3891.568,3591.331
2017-01-02,3380.065,0.5,85.59999999999998,0.0,402.24,2.05,1,0,0,1,3173.542,3696.86
2017-01-03,3768.406,2.6,94.07,0.0,353.76,1.54,1,1,0,1,3380.065,3794.973
2017-01-04,3781.201,4.66,95.94,0.0,300.48,1.28,1,2,0,1,3768.406,3828.1
2017-01-05,3665.419,2.66,84.54,0.0,361.44,2.12,1,3,0,1,3781.201,3804.428
2017-01-06,3361.4030000000002,-0.08,62.99,0.0,383.76,2.25,1,4,0,1,3665.419,4079.672
2017-01-07,3195.896,0.22,53.29999999999999,0.0,371.76,2.46,1,5,1,1,3361.4030000000002,3891.568
2017-01-08,3389.1859999999997,1.43,67.36,0.0,348.48,2.51,1,6,1,1,3195.896,3173.542
2017-01-09,4458.878,2.9599999999999995,81.93,0.0,336.0,2.23,0,0,0,1,3389.1859999999997,3380.065
2017-01-10,4622.639,3.82,89.5,0.0,321.12,1.54,0,1,0,1,4458.878,3768.406
2017-01-11,4942.214,6.510000000000001,93.03000000000002,0.0,242.88,1.88,0,2,0,1,4622.639,3781.201
2017-01-12,5055.103,5.14,95.25,0.0,294.96,1.67,0,3,0,1,4942.214,3665.419
2017-01-13,4822.0380000000005,1.89,80.13,0.0,387.36,2.32,0,4,0,1,5055.103,3361.4030000000002
2017-01-14,3208.521,0.31,85.27,0.0,402.72,2.43,1,5,1,1,4822.0380000000005,3195.896
2017-01-15,3025.397,1.42,90.14,0.0,371.52,2.14,1,6,1,1,3208.521,3389.1859999999997
2017-01-16,5326.015,3.57,88.11,0.0,317.28000000000003,2.09,0,0,0,1,3025.397,4458.878
2017-01-17,5586.979,1.24,77.7,0.0,426.48,2.45,0,1,0,1,5326.015,4622.639
2017-01-18,6140.179,-2.62,66.32,0.0,465.59999999999997,2.78,0,2,0,1,5586.979,4942.214
2017-01-19,6004.234,-1.49,66.7,0.0,433.91999999999996,2.72,0,3,0,1,6140.179,5055.103
2017-01-20,5640.845,0.42,79.46,0.0,387.59999999999997,2.27,1,4,0,1,6004.234,4822.0380000000005
2017-01-21,3081.56,0.94,88.86,0.0,379.68,2.7000000000000006,1,5,1,1,5640.845,3208.521
2017-01-22,3346.228,0.65,86.04,0.0,378.96,2.47,1,6,1,1,3081.56,3025.397
2017-01-23,5485.715,1.27,81.03,0.0,372.0,2.7099999999999995,0,0,0,1,3346.228,5326.015
2017-01-24,5719.218,1.46,71.95,0.0,365.28000000000003,2.93,0,1,0,1,5485.715,5586.979
2017-01-25,5628.1720000000005,1.3,63.01,0.0,366.0,3.07,0,2,0,1,5719.218,6140.179
2017-01-26,5501.0419999999995,1.88,76.35,0.0,384.24,1.58,0,3,0,1,5628.1720000000005,6004.234
2017-01-27,3220.975,2.41,88.96,0.0,378.48,1.25,1,4,0,1,5501.0419999999995,5640.845
2017-01-28,3096.951,2.42,94.55,0.0,367.92,1.71,1,5,1,1,3220.975,3081.56
2017-01-29,3047.221,6.31,95.94,0.0,288.24,1.21,1,6,1,1,3096.951,3346.228
2017-01-30,5002.33,8.21,92.61,0.0,237.12,2.05,0,0,0,1,3047.221,5485.715
2017-01-31,4986.506,6.5,78.54,0.0,237.36,2.42,0,1,0,1,5002.33,5719.218
2017-02-01,5189.31,6.489999999999999,86.8,0.0,270.24,1.22,0,2,0,2,4986.506,5628.1720000000005
2017-02-02,5248.314,6.260000000000001,84.77,0.0,282.96,1.68,0,3,0,2,5189.31,5501.0419999999995
2017-02-03,4942.831,7.55,81.8,0.0,273.6,2.29,0,4,0,2,5248.314,3220.975
2017-02-04,2949.365,9.47,86.08999999999999,0.0,203.28000000000003,1.26,1,5,1,2,4942.831,3096.951
2017-02-05,3055.703,4.67,74.45,0.0,335.52,2.7999999999999994,1,6,1,2,2949.365,3047.221
2017-02-06,5331.397,6.59,82.24,0.0,278.15999999999997,2.04,1,0,0,2,3055.703,5002.33
2017-02-07,5457.51,7.3,80.55,0.0,290.15999999999997,1.99,0,1,0,2,5331.397,4986.506
2017-02-08,5635.268,2.18,73.22,0.0,370.08,3.2999999999999994,0,2,0,2,5457.51,5189.31
2017-02-09,5603.45,3.73,62.09,0.0,323.04,2.93,0,3,0,2,5635.268,5248.314
2017-02-10,5163.042,2.43,73.82,0.0,355.44,2.89,0,4,0,2,5603.45,4942.831
2017-02-11,3114.525,3.8800000000000003,81.07,0.0,328.32,1.92,1,5,1,2,5163.042,2949.365
2017-02-12,3108.071,6.150000000000001,87.37,0.0,288.0,0.9899999999999999,1,6,1,2,3114.525,3055.703
2017-02-13,5287.39,6.73,82.68,0.0,280.32,1.66,0,0,0,2,3108.071,5331.397
2017-02-14,5449.616,5.63,81.71,0.0,281.52,2.62,0,1,0,2,5287.39,5457.51
2017-02-15,5289.889,7.169999999999999,72.28,0.0,248.39999999999998,3.68,0,2,0,2,5449.616,5635.268
2017-02-16,5341.683,7.260000000000001,66.57,0.0,249.84,3.8800000000000003,0,3,0,2,5289.889,5603.45
2017-02-17,5070.59,7.010000000000001,61.68,0.0,268.79999999999995,4.07,0,4,0,2,5341.683,5163.042
2017-02-18,3200.413,4.16,86.46999999999998,0.0,328.08,2.1,1,5,1,2,5070.59,3114.525
2017-02-19,3112.321,6.900000000000001,77.39,0.0,231.36,4.12,1,6,1,2,3200.413,3108.071
2017-02-20,5438.342,6.75,72.73,0.0,234.0,4.18,0,0,0,2,3112.321,5287.39
2017-02-21,5302.741,7.05,74.24,0.0,227.28000000000003,4.24,0,1,0,2,5438.342,5449.616
2017-02-22,5168.284,9.38,52.81,0.0,199.20000000000002,4.26,0,2,0,2,5302.741,5289.889
2017-02-23,5138.23,10.12,56.85,31.68,167.52,3.2000000000000006,0,3,0,2,5168.284,5341.683
2017-02-24,4630.4310000000005,6.8,72.38,0.0,271.92,4.24,0,4,0,2,5138.23,5070.59
2017-02-25,3038.851,5.62,65.11,0.0,266.64,4.45,1,5,1,2,4630.4310000000005,3200.413
2017-02-26,3044.507,6.169999999999999,83.33,0.0,246.0,4.45,1,6,1,2,3038.851,3112.321
2017-02-27,4939.313,7.46,79.57,0.0,235.68,2.97,0,0,0,2,3044.507,5438.342
2017-02-28,5062.708,6.77,82.22,0.0,258.24,2.28,0,1,0,2,4939.313,5302.741
2017-03-01,5008.866,7.760000000000001,80.26,0.0,220.32,3.08,0,2,0,3,5062.708,5168.284
2017-03-02,4811.16,8.22,73.91,1.6800000000000002,197.52,4.13,0,3,0,3,5008.866,5138.23
2017-03-03,4647.649,5.24,83.65,0.0,290.64,1.78,0,4,0,3,4811.16,4630.4310000000005
2017-03-04,3307.1730000000002,3.2999999999999994,73.26,0.0,348.0,3.61,1,5,1,3,4647.649,3038.851
2017-03-05,3237.816,8.22,86.21,0.0,240.48,1.4400000000000002,1,6,1,3,3307.1730000000002,3044.507
2017-03-06,5040.235,10.64,73.19,38.400000000000006,160.8,3.44,0,0,0,3,3237.816,4939.313
2017-03-07,4987.925,9.25,74.82,6.48,192.71999999999997,4.59,0,1,0,3,5040.235,5062.708
2017-03-08,5138.646,12.01,56.4,63.84,135.35999999999999,4.97,0,2,0,3,4987.925,5008.866
2017-03-09,4879.609,14.22,44.32,115.68,83.52,5.15,0,3,0,3,5138.646,4811.16
2017-03-10,4493.679,15.300000000000002,46.68,148.8,50.400000000000006,5.14,0,4,0,3,4879.609,4647.649
2017-03-11,3198.6150000000002,11.99,64.5,79.19999999999999,120.0,3.74,1,5,1,3,4493.679,3307.1730000000002
2017-03-12,2995.816,6.96,73.28,0.0,255.60000000000002,2.33,1,6,1,3,3198.6150000000002,3237.816
2017-03-13,4767.535,6.34,72.29,0.0,271.92,3.56,0,0,0,3,2995.816,5040.235
2017-03-14,4671.455,10.08,67.45,42.96,156.24,5.29,0,1,0,3,4767.535,4987.925
2017-03-15,4589.779,10.65,59.419999999999995,49.92,149.28,5.38,0,2,0,3,4671.455,5138.646
2017-03-16,4445.423,10.59,48.75,40.8,158.39999999999998,5.53,0,3,0,3,4589.779,4879.609
2017-03-17,4167.772,10.78,50.919999999999995,30.0,169.2,5.52,0,4,0,3,4445.423,4493.679
2017-03-18,3032.223,11.22,53.54999999999999,57.12,142.07999999999998,5.59,1,5,1,3,4167.772,3198.6150000000002
2017-03-19,2962.076,12.25,51.919999999999995,68.88,130.32,5.57,1,6,1,3,3032.223,2995.816
2017-03-20,4229.759,12.020000000000001,60.27,78.24,120.96000000000001,5.669999999999999,0,0,0,3,2962.076,4767.535
2017-03-21,4716.406,8.1,73.12,0.0,230.39999999999998,2.77,0,1,0,3,4229.759,4671.455
2017-03-22,4822.675,3.72,76.64,0.0,362.4,2.73,0,2,0,3,4716.406,4589.779
2017-03-23,5066.092,1.7,75.46,0.0,391.68,3.3800000000000003,0,3,0,3,4822.675,4445.423
2017-03-24,4740.021,3.26,67.9,0.0,356.15999999999997,3.58,0,4,0,3,5066.092,4167.772
2017-03-25,3078.226,4.92,67.32,0.0,312.96,4.32,1,5,1,3,4740.021,3032.223
2017-03-26,3002.1285,6.62,76.31,0.0,284.4,3.11,1,6,1,3,3078.226,2962.076
2017-03-27,4752.108,7.599999999999999,75.86,0.0,242.88,2.86,0,0,0,3,3002.1285,4229.759
2017-03-28,4674.611,8.74,69.43,7.4399999999999995,191.76,4.36,0,1,0,3,4752.108,4716.406
2017-03-29,4723.063,10.979999999999999,62.20000000000001,36.0,163.2,6.16,0,2,0,3,4674.611,4822.675
2017-03-30,4459.388,12.06,62.27,44.160000000000004,155.04,5.13,0,3,0,3,4723.063,5066.092
2017-03-31,4176.37,9.86,69.51,24.48,174.72,5.489999999999999,0,4,0,3,4459.388,4740.021
2017-04-01,3309.9,8.31,64.15,0.0,220.56,4.94,1,5,1,4,4176.37,3078.226
2017-04-02,3146.31,7.86,63.94,0.0,239.04000000000002,6.3,1,6,1,4,3309.9,3002.1285
2017-04-03,4468.148,9.52,50.669999999999995,0.0,207.36,6.419999999999999,0,0,0,4,3146.31,4752.108
2017-04-04,4483.883,10.46,57.49,30.48,168.72,6.55,0,1,0,4,4468.148,4674.611
2017-04-05,4331.23,9.07,64.36,1.6800000000000002,197.52,5.78,0,2,0,4,4483.883,4723.063
2017-04-06,3962.137,10.71,58.93,43.92,155.28,6.66,0,3,0,4,4331.23,4459.388
2017-04-07,3411.053,12.25,49.89000000000001,56.88,142.32,6.81,0,4,0,4,3962.137,4176.37
2017-04-08,2811.934,14.67,46.34,115.68,83.52,6.78,1,5,1,4,3411.053,3309.9
2017-04-09,2788.275,15.39,46.88,131.28,67.92,6.72,1,6,1,4,2811.934,3146.31
2017-04-10,2872.149,15.520000000000001,45.59,140.88,58.32000000000001,6.82,1,0,0,4,2788.275,4468.148
2017-04-11,2977.953,15.089999999999998,51.0,132.72,66.48,6.849999999999999,1,1,0,4,2872.149,4483.883
2017-04-12,2828.881,15.19,44.71,130.8,68.4,6.97,1,2,0,4,2977.953,4331.23
2017-04-13,2768.96,15.62,48.04,138.48,60.72,6.78,1,3,0,4,2828.881,3962.137
2017-04-14,2714.226,15.14,59.06,144.24,54.96,6.88,1,4,0,4,2768.96,3411.053
2017-04-15,2677.853,13.65,58.94,105.84,93.36,6.84,1,5,1,4,2714.226,2811.934
2017-04-16,2802.522,12.99,50.04999999999999,79.67999999999999,119.52000000000001,6.739999999999999,1,6,1,4,2677.853,2788.275
2017-04-17,4071.906,14.71,47.14000000000001,123.84,75.36,7.13,0,0,0,4,2802.522,2872.149
2017-04-18,4111.412,14.339999999999998,47.68,119.03999999999999,80.16,6.03,0,1,0,4,4071.906,2977.953
2017-04-19,4168.312,11.99,36.5,78.48,120.72,6.81,0,2,0,4,4111.412,2828.881
2017-04-20,4212.511,11.96,46.76,71.03999999999999,128.16,7.0,0,3,0,4,4168.312,2768.96
2017-04-21,3988.09,12.36,37.8,62.64,136.56,7.62,0,4,0,4,4212.511,2714.226
2017-04-22,2951.304,13.339999999999998,36.83,69.6,129.60000000000002,6.97,1,5,1,4,3988.09,2677.853
2017-04-23,2936.277,15.6,39.4,147.12,52.08,7.330000000000001,1,6,1,4,2951.304,2802.522
2017-04-24,3015.4790000000003,16.48,49.04,154.07999999999998,45.12,6.89,0,0,0,4,2936.277,4071.906
2017-04-25,4012.6530000000002,13.99,64.14,93.6,105.60000000000001,5.5,0,1,0,4,3015.4790000000003,4111.412
2017-04-26,3945.495,7.0,59.20000000000001,0.0,260.4,4.73,0,2,0,4,4012.6530000000002,4168.312
2017-04-27,4055.516,5.55,49.46,0.0,295.20000000000005,7.45,0,3,0,4,3945.495,4212.511
2017-04-28,4069.178,7.580000000000001,42.81,0.0,256.56,7.78,0,4,0,4,4055.516,3988.09
2017-04-29,3065.562,10.89,64.16,27.839999999999996,171.35999999999999,4.75,1,5,1,4,4069.178,2951.304
2017-04-30,3066.118,8.12,65.88,0.0,257.76,2.81,1,6,1,4,3065.562,2936.277
2017-05-01,3173.8160000000003,8.88,55.669999999999995,0.0,233.52,7.48,1,0,0,5,3066.118,3015.4790000000003
2017-05-02,4036.451,13.89,57.89000000000001,85.44,113.76,6.86,0,1,0,5,3173.8160000000003,4012.6530000000002
2017-05-03,3811.711,17.14,45.5,155.76,43.44,7.44,0,2,0,5,4036.451,3945.495
2017-05-04,3764.764,18.03,46.66,196.32,2.88,2.7099999999999995,0,3,0,5,3811.711,4055.516
2017-05-05,3594.956,14.86,60.09,103.92,95.28,3.89,0,4,0,5,3764.764,4069.178
2017-05-06,2938.273,12.06,61.78,60.0,139.2,5.75,1,5,1,5,3594.956,3065.562
2017-05-07,2908.914,16.4,52.29999999999999,149.52,49.67999999999999,7.580000000000001,1,6,1,5,2938.273,3066.118
2017-05-08,3496.215,18.36,44.88,194.39999999999998,4.800000000000001,7.37,0,0,0,5,2908.914,3173.8160000000003
2017-05-09,3600.181,17.37,51.74,201.84,0.0,5.38,0,1,0,5,3496.215,4036.451
2017-05-10,3702.353,14.65,64.88,124.08,75.12,6.09,0,2,0,5,3600.181,3811.711
2017-05-11,3861.853,11.81,72.94,60.239999999999995,138.96,4.76,0,3,0,5,3702.353,3764.764
2017-05-12,3747.756,11.93,75.5,70.56,128.64000000000001,4.37,0,4,0,5,3861.853,3594.956
2017-05-13,2926.114,12.19,70.11,74.16,125.03999999999999,4.92,1,5,1,5,3747.756,2938.273
2017-05-14,2910.078,14.339999999999998,64.86,116.39999999999999,82.80000000000001,6.7,1,6,1,5,2926.114,2908.914
2017-05-15,3591.582,17.82,59.41,185.52,13.68,6.419999999999999,0,0,0,5,2910.078,3496.215
2017-05-16,3693.857,20.63,55.5,258.96,0.0,7.11,0,1,0,5,3591.582,3600.181
2017-05-17,3574.436,17.7,68.52,175.44,23.759999999999998,2.81,0,2,0,5,3693.857,3702.353
2017-05-18,3590.734,12.24,61.64000000000001,51.84,147.35999999999999,5.12,0,3,0,5,3574.436,3861.853
2017-05-19,3660.081,11.44,51.99,30.48,168.72,8.25,0,4,0,5,3590.734,3747.756
2017-05-20,3096.465,14.82,45.24,102.47999999999999,96.72,8.19,1,5,1,5,3660.081,2926.114
2017-05-21,3034.802,17.19,49.99,178.8,20.4,4.16,1,6,1,5,3096.465,2910.078
2017-05-22,3672.42,19.23,58.49,224.16,0.0,7.71,0,0,0,5,3034.802,3591.582
2017-05-23,3715.525,19.91,47.169999999999995,239.76,0.0,8.06,0,1,0,5,3672.42,3693.857
2017-05-24,4678.182,22.100000000000005,44.27,272.88,0.0,8.03,0,2,0,5,3715.525,3574.436
2017-05-25,5188.163,23.26,42.53,317.76,0.0,4.79,0,3,0,5,4678.182,3590.734
2017-05-26,5200.829,22.08,53.07,293.04,0.0,7.150000000000001,0,4,0,5,5188.163,3660.081
2017-05-27,3939.771,21.69,62.669999999999995,275.28000000000003,0.0,6.69,1,5,1,5,5200.829,3096.465
2017-05-28,3816.391,20.05,59.27,244.56,0.0,2.3,1,6,1,5,3939.771,3034.802
2017-05-29,4932.943,17.95,60.419999999999995,188.88,10.32,5.97,0,0,0,5,3816.391,3672.42
2017-05-30,3868.792,18.38,57.37,190.8,8.399999999999999,6.12,0,1,0,5,4932.943,3715.525
2017-05-31,4417.951,20.29,50.51,227.76,0.0,7.48,0,2,0,5,3868.792,4678.182
2017-06-01,5163.142,22.73,45.4,294.0,0.0,7.330000000000001,0,3,0,6,4417.951,5188.163
2017-06-02,5151.442,22.350000000000005,50.53,301.92,0.0,5.41,0,4,0,6,5163.142,5200.829
2017-06-03,3584.933,18.16,60.87,200.88,0.0,6.68,1,5,1,6,5151.442,3939.771
2017-06-04,3605.756,13.12,69.72,70.80000000000001,128.39999999999998,5.27,1,6,1,6,3584.933,3816.391
2017-06-05,4806.854,15.729999999999999,51.49,124.32,74.88,8.38,0,0,0,6,3605.756,4932.943
2017-06-06,5022.636,17.72,50.56,200.88,0.0,8.03,0,1,0,6,4806.854,3868.792
2017-06-07,5125.304,19.49,41.13,214.56,0.0,8.49,0,2,0,6,5022.636,4417.951
2017-06-08,5346.722,22.09,43.68,302.4,0.0,6.14,0,3,0,6,5125.304,5163.142
2017-06-09,5077.3550000000005,20.74,45.34,254.64,0.0,8.14,0,4,0,6,5346.722,5151.442
2017-06-10,3135.793,24.36,42.77,333.12,0.0,8.04,1,5,1,6,5077.3550000000005,3584.933
2017-06-11,3170.386,23.88,49.49,355.20000000000005,0.0,8.13,1,6,1,6,3135.793,3605.756
2017-06-12,5716.019,25.64,43.77,363.6,0.0,7.8,0,0,0,6,3170.386,4806.854
2017-06-13,6179.359,26.27,38.06,392.64,0.0,6.900000000000001,0,1,0,6,5716.019,5022.636
2017-06-14,6462.581,26.7,38.52,397.91999999999996,0.0,8.17,0,2,0,6,6179.359,5125.304
2017-06-15,6411.476,25.899999999999995,44.60999999999999,390.24,0.0,8.13,0,3,0,6,6462.581,5346.722
2017-06-16,6427.896,25.91,44.6,383.28000000000003,0.0,8.22,1,4,0,6,6411.476,5077.3550000000005
2017-06-17,3267.0969999999998,26.53,34.49,402.24,0.0,8.37,1,5,1,6,6427.896,3135.793
2017-06-18,3223.216,27.429999999999996,27.87,405.59999999999997,0.0,8.5,1,6,1,6,3267.0969999999998,3170.386
2017-06-19,6279.02,25.73,39.59,383.28000000000003,0.0,5.1,0,0,0,6,3223.216,5716.019
2017-06-20,6235.74,26.350000000000005,40.92,378.71999999999997,0.0,7.14,0,1,0,6,6279.02,6179.359
2017-06-21,6375.036,28.320000000000004,34.25,427.20000000000005,0.0,8.04,0,2,0,6,6235.74,6462.581
2017-06-22,6744.409,27.73,35.82,432.48,0.0,7.02,0,3,0,6,6375.036,6411.476
2017-06-23,6142.716,24.89,31.99,362.15999999999997,0.0,8.41,1,4,0,6,6744.409,6427.896
2017-06-24,3318.644,23.24,35.33,322.56,0.0,8.19,1,5,1,6,6142.716,3267.0969999999998
2017-06-25,3242.7780000000002,23.38,42.23,323.28000000000003,0.0,3.17,1,6,1,6,3318.644,3223.216
2017-06-26,5849.436,21.77,48.95000000000001,286.08,0.0,6.8,0,0,0,6,3242.7780000000002,6279.02
2017-06-27,5661.059,19.5,52.98,235.20000000000002,0.0,5.28,0,1,0,6,5849.436,6235.74
2017-06-28,5389.082,17.4,54.669999999999995,187.2,12.0,6.900000000000001,0,2,0,6,5661.059,6375.036
2017-06-29,5153.242,13.86,51.919999999999995,88.80000000000001,110.39999999999999,6.05,0,3,0,6,5389.082,6744.409
2017-06-30,4924.264,13.520000000000001,56.35999999999999,88.32000000000001,110.88,5.46,0,4,0,6,5153.242,6142.716
2017-07-01,2865.524,14.33,53.62,100.80000000000001,98.39999999999999,8.27,1,5,1,7,4924.264,3318.644
2017-07-02,2872.386,18.13,50.56,186.96,12.24,8.63,1,6,1,7,2865.524,3242.7780000000002
2017-07-03,5445.62,22.149999999999995,41.25,281.76,0.0,8.66,1,0,0,7,2872.386,5849.436
2017-07-04,5957.251,25.2,30.3,352.79999999999995,0.0,8.44,1,1,0,7,5445.62,5661.059
2017-07-05,6088.326,25.070000000000004,35.23,349.92,0.0,7.87,1,2,0,7,5957.251,5389.082
2017-07-06,5562.319,20.87,66.96,279.84000000000003,0.0,1.39,1,3,0,7,6088.326,5153.242
2017-07-07,5075.194,20.82,65.12,303.36,0.0,2.93,1,4,0,7,5562.319,4924.264
2017-07-08,2822.95,20.14,64.12,244.56,0.0,6.46,1,5,1,7,5075.194,2865.524
2017-07-09,2839.94,22.459999999999997,54.39000000000001,295.68,0.0,8.25,1,6,1,7,2822.95,2872.386
2017-07-10,5348.004,20.18,58.71,245.28000000000003,0.0,8.21,1,0,0,7,2839.94,5445.62
2017-07-11,5653.957,22.63,49.15,291.6,0.0,8.29,1,1,0,7,5348.004,5957.251
2017-07-12,6021.147,25.11,43.18,355.20000000000005,0.0,8.28,1,2,0,7,5653.957,6088.326
2017-07-13,6161.421,25.23,42.830000000000005,374.88,0.0,8.27,1,3,0,7,6021.147,5562.319
2017-07-14,5616.416,22.61,46.79,323.52,0.0,8.32,1,4,0,7,6161.421,5075.194
2017-07-15,2999.094,22.19,42.03,298.08,0.0,8.36,1,5,1,7,5616.416,2822.95
2017-07-16,3015.728,24.91,40.63,351.12,0.0,8.18,1,6,1,7,2999.094,2839.94
2017-07-17,6039.311,25.790000000000003,31.09,386.40000000000003,0.0,8.3,1,0,0,7,3015.728,5348.004
2017-07-18,6180.907999999999,25.55,29.77,376.56,0.0,7.53,1,1,0,7,6039.311,5653.957
2017-07-19,5728.079,21.39,48.01,271.20000000000005,0.0,6.79,1,2,0,7,6180.907999999999,6021.147
2017-07-20,5870.443,20.68,49.85999999999999,268.56,0.0,7.89,1,3,0,7,5728.079,6161.421
2017-07-21,5585.184,20.3,44.419999999999995,245.04000000000002,0.0,8.13,1,4,0,7,5870.443,5616.416
2017-07-22,3122.3559999999998,20.84,40.23,253.20000000000002,0.0,8.06,1,5,1,7,5585.184,2999.094
2017-07-23,3069.69,21.67,43.85999999999999,272.15999999999997,0.0,7.97,1,6,1,7,3122.3559999999998,3015.728
2017-07-24,4962.571,20.76,52.14000000000001,270.96,0.0,7.96,1,0,0,7,3069.69,6039.311
2017-07-25,4090.9519999999998,19.39,46.10999999999999,233.76,0.0,7.94,1,1,0,7,4962.571,6180.907999999999
2017-07-26,3982.476,22.350000000000005,39.23,284.64,0.0,7.86,1,2,0,7,4090.9519999999998,5728.079
2017-07-27,3896.491,24.98,29.070000000000004,366.24,0.0,7.97,1,3,0,7,3982.476,5870.443
2017-07-28,3628.169,24.47,38.98,342.96,0.0,7.919999999999999,1,4,0,7,3896.491,5585.184
2017-07-29,2687.718,24.850000000000005,37.32,349.92,0.0,7.8,1,5,1,7,3628.169,3122.3559999999998
2017-07-30,2638.596,23.62,33.35,341.04,0.0,7.78,1,6,1,7,2687.718,3069.69
2017-07-31,3234.297,20.86,40.51,268.56,0.0,7.39,1,0,0,7,2638.596,4962.571
2017-08-01,2504.111,22.63,37.24,312.48,0.0,7.73,1,1,0,8,3234.297,4090.9519999999998
2017-08-02,2187.3095,23.91,29.91,330.0,0.0,7.8,1,2,0,8,2504.111,3982.476
2017-08-03,2274.919,24.61,33.89,337.20000000000005,0.0,7.64,1,3,0,8,2187.3095,3896.491
2017-08-04,2343.257,26.74,38.81,398.40000000000003,0.0,7.53,1,4,0,8,2274.919,3628.169
2017-08-05,2251.565,24.62,44.82,347.04,0.0,7.510000000000001,1,5,1,8,2343.257,2687.718
2017-08-06,2222.29,21.21,47.56,294.48,0.0,7.54,1,6,1,8,2251.565,2638.596
2017-08-07,2317.002,21.21,37.47,268.32,0.0,6.71,1,0,0,8,2222.29,3234.297
2017-08-08,2349.826,18.14,43.76,202.07999999999998,0.0,7.57,1,1,0,8,2317.002,2504.111
2017-08-09,2256.843,15.479999999999999,50.02,149.76,49.44,7.2,1,2,0,8,2349.826,2187.3095
2017-08-10,2255.399,15.78,48.5,145.68,53.519999999999996,7.55,1,3,0,8,2256.843,2274.919
2017-08-11,2265.424,17.61,36.91,189.35999999999999,9.84,7.52,1,4,0,8,2255.399,2343.257
2017-08-12,2181.899,20.64,31.56,251.76,0.0,7.44,1,5,1,8,2265.424,2251.565
2017-08-13,2297.474,22.89,31.25,301.92,0.0,7.31,1,6,1,8,2181.899,2222.29
2017-08-14,2318.599,25.66,30.87,371.04,0.0,6.849999999999999,1,0,0,8,2297.474,2317.002
2017-08-15,2306.657,23.81,33.0,347.04,0.0,5.48,1,1,0,8,2318.599,2349.826
2017-08-16,2413.586,23.27,42.42,323.76,0.0,7.12,1,2,0,8,2306.657,2256.843
2017-08-17,3024.849,25.19,37.72,353.52,0.0,7.150000000000001,1,3,0,8,2413.586,2255.399
2017-08-18,3082.379,24.320000000000004,40.01,344.88,0.0,7.080000000000001,1,4,0,8,3024.849,2265.424
2017-08-19,2460.902,22.64,47.76,316.32,0.0,6.95,1,5,1,8,3082.379,2181.899
2017-08-20,2366.371,22.179999999999996,32.02,302.64,0.0,7.12,1,6,1,8,2460.902,2297.474
2017-08-21,3030.642,26.19,27.92,367.44,0.0,6.97,1,0,0,8,2366.371,2318.599
2017-08-22,3212.77,27.11,30.72,418.79999999999995,0.0,6.91,1,1,0,8,3030.642,2306.657
2017-08-23,3114.621,25.41,38.75,380.64,0.0,6.11,1,2,0,8,3212.77,2413.586
2017-08-24,3151.922,23.69,32.13,335.04,0.0,6.95,1,3,0,8,3114.621,3024.849
2017-08-25,3099.658,22.89,27.24,315.12,0.0,6.68,1,4,0,8,3151.922,3082.379
2017-08-26,2407.16,21.44,37.89,270.48,0.0,3.7900000000000005,1,5,1,8,3099.658,2460.902
2017-08-27,2379.046,20.63,66.37,289.68,0.0,3.35,1,6,1,8,2407.16,2366.371
2017-08-28,3129.835,19.43,75.97,236.64,0.0,2.8800000000000003,1,0,0,8,2379.046,3030.642
2017-08-29,3112.838,18.94,56.39000000000001,211.92000000000002,0.0,5.91,1,1,0,8,3129.835,3212.77
2017-08-30,3293.604,19.09,57.09,226.56,0.0,6.47,1,2,0,8,3112.838,3114.621
2017-08-31,3239.732,17.08,59.81,186.24,12.96,6.39,1,3,0,8,3293.604,3151.922
2017-09-01,3114.393,16.03,54.71,160.56,38.64,6.62,1,4,0,9,3239.732,3099.658
2017-09-02,2418.057,16.62,47.64000000000001,158.39999999999998,40.8,6.69,1,5,1,9,3114.393,2407.16
2017-09-03,2426.765,20.81,35.53,274.32,0.0,6.099999999999999,1,6,1,9,2418.057,2379.046
2017-09-04,3362.486,19.98,56.830000000000005,235.92000000000002,0.0,5.75,0,0,0,9,2426.765,3129.835
2017-09-05,3506.86,22.16,46.69,295.44,0.0,6.29,0,1,0,9,3362.486,3112.838
2017-09-06,3544.069,19.72,56.52,245.52,0.0,6.239999999999999,0,2,0,9,3506.86,3293.604
2017-09-07,3379.956,17.08,48.1,182.16,17.04,6.38,0,3,0,9,3544.069,3239.732
2017-09-08,2675.408,18.47,38.37,218.39999999999998,0.0,6.3,0,4,0,9,3379.956,3114.393
2017-09-09,2601.338,15.6,55.75,129.84,69.36,5.8,1,5,1,9,2675.408,2418.057
2017-09-10,2574.539,14.89,53.60999999999999,121.92,77.28,6.099999999999999,1,6,1,9,2601.338,2426.765
2017-09-11,3498.689,18.31,54.48,218.88,0.0,5.94,0,0,0,9,2574.539,3362.486
2017-09-12,3474.369,17.56,54.25,188.39999999999998,10.8,5.61,0,1,0,9,3498.689,3506.86
2017-09-13,3563.5209999999997,19.86,43.49,252.95999999999998,0.0,5.900000000000001,0,2,0,9,3474.369,3544.069
2017-09-14,3609.945,16.42,57.29999999999999,161.76,37.44,5.32,0,3,0,9,3563.5209999999997,3379.956
2017-09-15,3174.015,11.87,56.64000000000001,59.28,139.92000000000002,5.86,1,4,0,9,3609.945,2675.408
2017-09-16,2611.852,10.81,56.93,23.52,175.68,5.52,1,5,1,9,3174.015,2601.338
2017-09-17,2442.114,12.5,48.73,50.16,149.04,5.27,1,6,1,9,2611.852,2574.539
2017-09-18,3239.493,14.83,56.27,130.07999999999998,69.12,4.67,0,0,0,9,2442.114,3498.689
2017-09-19,3242.537,14.770000000000001,54.71,137.52,61.67999999999999,5.66,0,1,0,9,3239.493,3474.369
2017-09-20,3300.485,17.73,31.01,186.72,12.48,5.63,0,2,0,9,3242.537,3563.5209999999997
2017-09-21,3543.5280000000002,16.72,39.75,168.0,31.200000000000003,4.72,0,3,0,9,3300.485,3609.945
2017-09-22,3385.186,16.78,58.53,187.92000000000002,11.28,5.349999999999999,0,4,0,9,3543.5280000000002,3174.015
2017-09-23,2531.871,19.0,44.76,220.07999999999998,0.0,5.33,1,5,1,9,3385.186,2611.852
2017-09-24,2486.808,19.5,29.92,232.07999999999998,0.0,5.3,1,6,1,9,2531.871,2442.114
2017-09-25,3044.776,16.7,57.85,172.56,26.64,4.97,0,0,0,9,2486.808,3239.493
2017-09-26,3153.314,16.56,51.9,163.2,36.0,5.25,0,1,0,9,3044.776,3242.537
2017-09-27,3177.436,18.2,33.13,198.95999999999998,0.24,5.26,0,2,0,9,3153.314,3300.485
2017-09-28,3256.721,18.66,31.27,207.12,0.0,5.13,0,3,0,9,3177.436,3543.5280000000002
2017-09-29,3053.147,19.68,43.48,239.28000000000003,0.0,4.93,0,4,0,9,3256.721,3385.186
2017-09-30,2551.7400000000002,18.1,57.44,213.84,0.0,4.21,1,5,1,9,3053.147,2531.871
2017-10-01,2527.085,18.02,61.669999999999995,216.95999999999998,0.0,4.05,1,6,1,10,2551.7400000000002,2486.808
2017-10-02,3068.605,19.82,60.93,250.32,0.0,4.48,0,0,0,10,2527.085,3044.776
2017-10-03,3210.093,20.32,54.76,268.79999999999995,0.0,4.75,0,1,0,10,3068.605,3153.314
2017-10-04,3292.37,19.98,49.20000000000001,261.12,0.0,4.49,0,2,0,10,3210.093,3177.436
2017-10-05,3184.768,20.07,39.9,276.71999999999997,0.0,4.71,0,3,0,10,3292.37,3256.721
2017-10-06,3237.792,16.08,55.31,176.16,23.04,4.69,0,4,0,10,3184.768,3053.147
2017-10-07,2717.518,13.89,40.75,124.80000000000001,74.4,4.69,1,5,1,10,3237.792,2551.7400000000002
2017-10-08,2736.431,16.59,26.38,185.28,13.919999999999998,4.71,1,6,1,10,2717.518,2527.085
2017-10-09,3382.927,15.82,30.709999999999997,166.56,32.64,4.64,0,0,0,10,2736.431,3068.605
2017-10-10,3577.93,17.37,25.61,191.28,7.92,4.51,0,1,0,10,3382.927,3210.093
2017-10-11,3388.022,16.82,24.09,184.32,14.879999999999999,4.5,0,2,0,10,3577.93,3292.37
2017-10-12,2716.867,17.94,29.52,217.20000000000002,0.0,4.25,1,3,0,10,3388.022,3184.768
2017-10-13,2670.878,18.66,38.13,225.12,0.0,4.23,1,4,0,10,2716.867,3237.792
2017-10-14,2611.22,18.65,32.46,219.36,0.0,4.21,1,5,1,10,2670.878,2717.518
2017-10-15,2591.628,20.85,33.1,290.4,0.0,3.69,1,6,1,10,2611.22,2736.431
2017-10-16,3236.391,18.52,43.31,217.20000000000002,0.0,3.84,0,0,0,10,2591.628,3382.927
2017-10-17,3424.997,15.13,68.47,129.84,69.36,1.25,0,1,0,10,3236.391,3577.93
2017-10-18,3516.8179999999998,10.5,81.6,0.24,198.95999999999998,2.25,0,2,0,10,3424.997,3388.022
2017-10-19,3647.994,10.15,74.64,30.96,168.24,3.2000000000000006,0,3,0,10,3516.8179999999998,2716.867
2017-10-20,3437.804,15.22,80.35,149.52,49.67999999999999,3.6,0,4,0,10,3647.994,2670.878
2017-10-21,2778.194,13.15,67.56,55.199999999999996,144.0,2.93,1,5,1,10,3437.804,2611.22
2017-10-22,2784.016,9.21,65.67,5.04,194.16,3.82,1,6,1,10,2778.194,2591.628
2017-10-23,3788.725,11.54,55.35,54.480000000000004,144.72,3.78,0,0,0,10,2784.016,3236.391
2017-10-24,4098.933,15.88,41.42,178.32,20.88,3.73,0,1,0,10,3788.725,3424.997
2017-10-25,3979.727,15.78,42.57,167.52,31.68,3.76,0,2,0,10,4098.933,3516.8179999999998
2017-10-26,4101.816,15.61,44.29,155.04,44.160000000000004,3.59,0,3,0,10,3979.727,3647.994
2017-10-27,3970.1800000000003,14.979999999999999,51.29999999999999,161.28,37.92,3.56,0,4,0,10,4101.816,3437.804
2017-10-28,2847.013,12.65,69.52,106.08,93.12,3.48,1,5,1,10,3970.1800000000003,2778.194
2017-10-29,2705.035,11.0,67.92,57.36,141.84,3.5,1,6,1,10,2847.013,2784.016
2017-10-30,3804.282,11.11,75.18,41.04,158.16,2.99,0,0,0,10,2705.035,3788.725
2017-10-31,3941.063,9.43,63.02,3.3600000000000003,195.84,3.4,0,1,0,10,3804.282,4098.933
2017-11-01,3328.252,11.58,66.36,58.32000000000001,140.88,3.06,1,2,0,11,3941.063,3979.727
2017-11-02,3864.69,12.92,67.62,94.32000000000001,104.88,2.4,0,3,0,11,3328.252,4101.816
2017-11-03,3798.723,11.910000000000002,74.74,60.0,139.2,2.83,0,4,0,11,3864.69,3970.1800000000003
2017-11-04,2740.887,9.99,84.89,8.64,190.56,2.27,1,5,1,11,3798.723,2847.013
2017-11-05,2740.504,7.349999999999999,77.35,0.0,241.68,2.9,1,6,1,11,2740.887,2705.035
2017-11-06,4353.037,6.78,74.3,0.0,262.79999999999995,2.81,0,0,0,11,2740.504,3804.282
2017-11-07,4917.972,6.04,78.07,0.0,260.15999999999997,3.27,0,1,0,11,4353.037,3941.063
2017-11-08,4983.898,4.93,81.58,0.0,303.84000000000003,2.85,0,2,0,11,4917.972,3328.252
2017-11-09,5023.768,4.31,74.47,0.0,296.4,2.59,0,3,0,11,4983.898,3864.69
2017-11-10,4751.254,7.61,87.07,0.0,236.64,2.54,0,4,0,11,5023.768,3798.723
2017-11-11,2924.576,8.33,74.78,0.0,218.39999999999998,2.8800000000000003,1,5,1,11,4751.254,2740.887
2017-11-12,2958.751,7.05,84.13,0.0,232.07999999999998,2.94,1,6,1,11,2924.576,2740.504
2017-11-13,4134.508,5.81,73.5,0.0,302.88,2.51,0,0,0,11,2958.751,4353.037
2017-11-14,4978.392,4.54,64.55,0.0,284.88,2.8800000000000003,0,1,0,11,4134.508,4917.972
2017-11-15,5070.503,4.92,56.580000000000005,0.0,306.48,2.67,0,2,0,11,4978.392,4983.898
2017-11-16,4984.645,7.580000000000001,49.6,0.0,206.64,2.81,0,3,0,11,5070.503,5023.768
2017-11-17,4749.977,8.03,60.28,0.0,204.71999999999997,2.57,0,4,0,11,4984.645,4751.254
2017-11-18,3067.107,6.52,70.8,0.0,231.84,2.7099999999999995,1,5,1,11,4749.977,2924.576
2017-11-19,3044.091,6.099999999999999,57.830000000000005,0.0,241.68,2.66,1,6,1,11,3067.107,2958.751
2017-11-20,5278.652,7.81,42.59,0.0,220.56,2.65,0,0,0,11,3044.091,4134.508
2017-11-21,5516.693,7.169999999999999,44.830000000000005,0.0,229.68,2.7999999999999994,0,1,0,11,5278.652,4978.392
2017-11-22,5185.527,8.45,48.87,0.0,204.24,2.31,0,2,0,11,5516.693,5070.503
2017-11-23,5000.507,10.22,65.64,17.28,181.92000000000002,1.45,0,3,0,11,5185.527,4984.645
2017-11-24,4835.852,10.63,84.84,27.119999999999997,172.07999999999998,1.05,0,4,0,11,5000.507,4749.977
2017-11-25,3202.921,7.39,78.27,0.0,286.08,1.74,1,5,1,11,4835.852,3067.107
2017-11-26,3121.262,1.7700000000000002,79.32,0.0,363.84000000000003,2.69,1,6,1,11,3202.921,3044.091
2017-11-27,5371.007,2.53,65.39,0.0,339.36,2.35,0,0,0,11,3121.262,5278.652
2017-11-28,5635.201,2.78,67.85,0.0,338.88,2.26,0,1,0,11,5371.007,5516.693
2017-11-29,5729.71,1.45,86.26,0.0,377.76,2.04,0,2,0,11,5635.201,5185.527
2017-11-30,5594.57,0.55,84.58,0.0,392.64,2.34,0,3,0,11,5729.71,5000.507
2017-12-01,5339.817,-0.03,86.78000000000002,0.0,426.72,1.33,0,4,0,12,5594.57,4835.852
2017-12-02,3392.43,0.16,86.58999999999999,0.0,415.20000000000005,1.68,1,5,1,12,5339.817,3202.921
2017-12-03,3020.351,0.44,86.71,0.0,389.28,1.95,1,6,1,12,3392.43,3121.262
2017-12-04,5501.477,1.3500000000000003,91.81,0.0,365.76,1.89,0,0,0,12,3020.351,5371.007
2017-12-05,5376.706,2.7000000000000006,74.18,0.0,344.15999999999997,1.39,0,1,0,12,5501.477,5635.201
2017-12-06,4377.193,2.08,66.23,0.0,352.79999999999995,1.8,1,2,0,12,5376.706,5729.71
2017-12-07,3825.788,3.16,63.25,0.0,338.15999999999997,2.26,1,3,0,12,4377.193,5594.57
2017-12-08,3226.24,5.05,96.71999999999998,0.0,295.20000000000005,0.7200000000000001,1,4,0,12,3825.788,5339.817
2017-12-09,3191.797,6.07,94.49,0.0,288.24,0.84,1,5,1,12,3226.24,3392.43
2017-12-10,3611.663,8.97,90.48,0.0,222.0,0.32,1,6,1,12,3191.797,3020.351
2017-12-11,5717.442,4.09,83.17,0.0,338.4,1.58,0,0,0,12,3611.663,5501.477
2017-12-12,5576.16,0.9499999999999998,89.48,0.0,381.12,2.27,0,1,0,12,5717.442,5376.706
2017-12-13,5529.119,3.84,94.81,0.0,353.04,1.08,0,2,0,12,5576.16,4377.193
2017-12-14,5340.363,8.85,92.61,0.0,204.95999999999998,1.09,0,3,0,12,5529.119,3825.788
2017-12-15,5231.258,4.55,83.41,0.0,354.71999999999997,1.33,0,4,0,12,5340.363,3226.24
2017-12-16,3428.017,1.31,86.2,0.0,382.56,2.24,1,5,1,12,5231.258,3191.797
2017-12-17,3483.613,0.88,83.3,0.0,380.88,2.11,1,6,1,12,3428.017,3611.663
2017-12-18,5965.998,2.92,87.33999999999999,0.0,348.48,2.19,0,0,0,12,3483.613,5717.442
2017-12-19,5538.535,3.7099999999999995,77.78,0.0,332.4,2.32,0,1,0,12,5965.998,5576.16
2017-12-20,5381.039,2.47,75.26,0.0,322.56,2.19,0,2,0,12,5538.535,5529.119
2017-12-21,5095.846,3.33,88.58999999999999,0.0,309.6,2.27,0,3,0,12,5381.039,5340.363
2017-12-22,4876.906,4.25,86.19,0.0,279.6,2.12,0,4,0,12,5095.846,5231.258
2017-12-23,2882.29,4.64,83.87,0.0,286.08,1.76,1,5,1,12,4876.906,3428.017
2017-12-24,3306.37,3.72,80.59,0.0,314.64,2.12,1,6,1,12,2882.29,3483.613
2017-12-25,3149.847,3.52,90.73,0.0,335.04,1.74,1,0,0,12,3306.37,5965.998
2017-12-26,3136.427,3.48,93.51,0.0,356.4,0.9499999999999998,1,1,0,12,3149.847,5538.535
2017-12-27,3213.035,4.6,81.96,0.0,324.96,1.66,1,2,0,12,3136.427,5381.039
2017-12-28,3242.678,5.91,93.67,0.0,255.84,1.12,1,3,0,12,3213.035,5095.846
2017-12-29,3055.1820000000002,8.84,91.17,0.0,225.60000000000002,1.07,1,4,0,12,3242.678,4876.906
2017-12-30,2925.989,8.65,88.96,0.0,218.64,1.66,1,5,1,12,3055.1820000000002,2882.29
2017-12-31,2964.869,5.94,89.18,0.0,295.68,1.04,1,6,1,12,2925.989,3306.37
2018-01-01,4511.932,5.510000000000001,92.29,0.0,309.84000000000003,0.87,1,0,0,1,2964.869,3149.847
2018-01-02,4540.805,8.4,94.53000000000002,0.0,227.28000000000003,0.9899999999999999,1,1,0,1,4511.932,3136.427
2018-01-03,4475.423,10.52,93.63,35.28,163.92000000000002,1.27,1,2,0,1,4540.805,3213.035
2018-01-04,4478.468,8.96,87.19,0.0,208.56,0.98,1,3,0,1,4475.423,3242.678
2018-01-05,4432.072,6.400000000000001,92.32,0.0,287.52,1.04,1,4,0,1,4478.468,3055.1820000000002
2018-01-06,3075.723,1.37,89.02,0.0,399.59999999999997,0.58,1,5,1,1,4432.072,2925.989
2018-01-07,3893.2870000000003,0.49,92.76,0.0,439.20000000000005,0.47,1,6,1,1,3075.723,2964.869
2018-01-08,6185.526,-1.91,79.65,0.0,443.04,1.8500000000000003,0,0,0,1,3893.2870000000003,4511.932
2018-01-09,6378.96,-0.7200000000000001,90.46999999999998,0.0,472.56000000000006,0.94,0,1,0,1,6185.526,4540.805
2018-01-10,6145.87,2.56,96.26,0.0,365.52,0.63,0,2,0,1,6378.96,4475.423
2018-01-11,6229.334,2.13,85.2,0.0,390.72,2.27,0,3,0,1,6145.87,4478.468
2018-01-12,6114.338,1.16,82.5,0.0,387.59999999999997,1.6900000000000002,0,4,0,1,6229.334,4432.072
2018-01-13,4741.727,0.62,91.32,0.0,425.76,0.43,1,5,1,1,6114.338,3075.723
2018-01-14,4715.604,1.62,85.96999999999998,0.0,382.56,1.2,1,6,1,1,4741.727,3893.2870000000003
2018-01-15,6432.083,1.3500000000000003,84.27,0.0,391.20000000000005,2.1,0,0,0,1,4715.604,6185.526
2018-01-16,6298.99,5.22,97.37,0.0,311.28000000000003,1.15,0,1,0,1,6432.083,6378.96
2018-01-17,6119.326,5.56,81.68,0.0,298.08,2.65,0,2,0,1,6298.99,6145.87
2018-01-18,6174.198,5.09,71.57,0.0,286.56,2.7099999999999995,0,3,0,1,6119.326,6229.334
2018-01-19,5995.162,4.0,86.23,0.0,303.36,2.68,1,4,0,1,6174.198,6114.338
2018-01-20,4450.682,4.8,91.53000000000002,0.0,307.68,2.27,1,5,1,1,5995.162,4741.727
2018-01-21,4363.033,7.04,92.31,0.0,223.92000000000002,1.28,1,6,1,1,4450.682,4715.604
2018-01-22,5914.29,5.69,87.66000000000001,0.0,275.76,1.25,0,0,0,1,4363.033,6432.083
2018-01-23,5897.68,5.73,83.0,0.0,258.48,1.45,0,1,0,1,5914.29,6298.99
2018-01-24,5748.526,4.79,73.69,0.0,285.12,2.12,0,2,0,1,5897.68,6119.326
2018-01-25,5711.735,3.52,88.03000000000002,0.0,372.24,0.49,1,3,0,1,5748.526,6174.198
2018-01-26,4445.437,1.51,86.23,0.0,389.52,2.04,1,4,0,1,5711.735,5995.162
2018-01-27,4313.196,1.9400000000000002,83.89,0.0,357.12,2.57,1,5,1,1,4445.437,4450.682
2018-01-28,4350.705,3.1,80.49,0.0,318.71999999999997,3.02,1,6,1,1,4313.196,4363.033
2018-01-29,5711.984,4.49,77.77,0.0,284.64,3.14,0,0,0,1,4350.705,5914.29
2018-01-30,5939.856,5.27,63.99,0.0,282.24,3.19,0,1,0,1,5711.984,5897.68
2018-01-31,5876.44,5.09,59.74,0.0,270.96,3.24,0,2,0,1,5939.856,5748.526
2018-02-01,5788.676,2.24,82.49,0.0,366.24,2.18,0,3,0,2,5876.44,5711.735
2018-02-02,5655.409,0.26,81.67,0.0,423.12,2.12,0,4,0,2,5788.676,4445.437
2018-02-03,4518.766,1.29,89.04,0.0,399.84000000000003,2.14,1,5,1,2,5655.409,4313.196
2018-02-04,3869.199,1.06,82.55,0.0,402.48,2.13,1,6,1,2,4518.766,4350.705
2018-02-05,5728.271,0.63,82.42,0.0,407.28,1.7700000000000002,1,0,0,2,3869.199,5711.984
2018-02-06,5742.166,-1.33,75.91,0.0,455.04,1.99,0,1,0,2,5728.271,5939.856
2018-02-07,5626.652,-1.45,80.89,0.0,451.43999999999994,2.21,0,2,0,2,5742.166,5876.44
2018-02-08,5507.059,-0.93,74.05,0.0,437.28,2.1149999999999998,0,3,0,2,5626.652,5788.676
2018-02-09,5133.878,0.63,86.21999999999998,0.0,384.0,2.02,0,4,0,2,5507.059,5655.409
2018-02-10,3134.797,1.59,79.88,0.0,376.56,3.36,1,5,1,2,5133.878,4518.766
2018-02-11,2977.874,4.22,93.99,0.0,301.68,1.83,1,6,1,2,3134.797,3869.199
2018-02-12,5415.095,1.27,72.4,0.0,400.08000000000004,3.28,1,0,0,2,2977.874,5728.271
2018-02-13,5295.431,1.49,93.52,0.0,422.40000000000003,1.21,0,1,0,2,5415.095,5742.166
2018-02-14,5379.207,6.650000000000001,93.31,0.0,280.79999999999995,0.92,0,2,0,2,5295.431,5626.652
2018-02-15,5210.755,8.26,93.23,0.0,220.32,2.27,0,3,0,2,5379.207,5507.059
2018-02-16,4878.83,8.93,85.88,4.5600000000000005,194.64,2.99,0,4,0,2,5210.755,5133.878
2018-02-17,2883.177,6.06,75.76,0.0,303.36,2.21,1,5,1,2,4878.83,3134.797
2018-02-18,2895.225,4.4,77.55,0.0,310.79999999999995,3.77,1,6,1,2,2883.177,2977.874
2018-02-19,5401.073,5.510000000000001,85.12,0.0,285.12,2.4,0,0,0,2,2895.225,5415.095
2018-02-20,5227.899,5.73,79.89,0.0,262.79999999999995,3.26,0,1,0,2,5401.073,5295.431
2018-02-21,5151.801,3.32,72.41,0.0,364.08,2.89,0,2,0,2,5227.899,5379.207
2018-02-22,5217.608,0.65,65.6,0.0,389.28,4.03,0,3,0,2,5151.801,5210.755
2018-02-23,5088.613,0.27,57.68,0.0,403.91999999999996,4.57,0,4,0,2,5217.608,4878.83
2018-02-24,3301.93,2.29,51.29,0.0,361.92,4.58,1,5,1,2,5088.613,2883.177
2018-02-25,3230.729,3.99,48.68,0.0,325.20000000000005,4.58,1,6,1,2,3301.93,2895.225
2018-02-26,5520.49,3.56,51.45000000000001,0.0,309.84000000000003,4.61,0,0,0,2,3230.729,5401.073
2018-02-27,5852.033,-0.84,55.75,0.0,441.59999999999997,2.9,0,1,0,2,5520.49,5227.899
2018-02-28,5653.796,3.64,96.37,0.0,370.32,0.94,0,2,0,2,5852.033,5151.801
2018-03-01,5286.387,6.39,87.19,0.0,283.20000000000005,2.43,0,3,0,3,5653.796,5217.608
2018-03-02,5082.273,6.16,83.74,0.0,286.32,1.8500000000000003,0,4,0,3,5286.387,5088.613
2018-03-03,3091.73,6.95,81.67,0.0,261.6,2.8699999999999997,1,5,1,3,5082.273,3301.93
2018-03-04,3095.401,5.78,72.33,0.0,270.71999999999997,4.4,1,6,1,3,3091.73,3230.729
2018-03-05,5701.566,4.81,83.64,0.0,314.88,1.84,0,0,0,3,3095.401,5520.49
2018-03-06,5363.619,4.38,77.01,0.0,331.44,3.76,0,1,0,3,5701.566,5852.033
2018-03-07,5358.119,4.28,70.57,0.0,311.04,4.22,0,2,0,3,5363.619,5653.796
2018-03-08,5075.112,7.239999999999999,86.28000000000002,0.0,254.16,2.86,0,3,0,3,5358.119,5286.387
2018-03-09,5016.137,10.2,87.71,21.84,177.35999999999999,1.05,0,4,0,3,5075.112,5082.273
2018-03-10,3050.152,9.75,78.26,0.0,211.68,1.6900000000000002,1,5,1,3,5016.137,3091.73
2018-03-11,2997.004,6.169999999999999,82.39,0.0,277.44,3.74,1,6,1,3,3050.152,3095.401
2018-03-12,5516.049,6.849999999999999,73.74,0.0,255.84,3.9599999999999995,0,0,0,3,2997.004,5701.566
2018-03-13,5366.72,6.849999999999999,87.21,0.0,257.04,3.53,0,1,0,3,5516.049,5363.619
2018-03-14,5380.155,7.93,88.43,0.0,223.68,0.27,0,2,0,3,5366.72,5358.119
2018-03-15,5311.351,5.64,84.71,0.0,302.64,3.74,0,3,0,3,5380.155,5075.112
2018-03-16,5104.989,4.61,79.75,0.0,313.68,4.28,0,4,0,3,5311.351,5016.137
2018-03-17,3034.377,3.65,77.29,0.0,340.56,4.25,1,5,1,3,5104.989,3050.152
2018-03-18,3048.748,3.4,74.43,0.0,354.24,4.68,1,6,1,3,3034.377,2997.004
2018-03-19,5691.421,3.0,78.11,0.0,355.20000000000005,2.3,1,0,0,3,3048.748,5516.049
2018-03-20,5462.6179999999995,1.88,69.54,0.0,378.0,2.93,0,1,0,3,5691.421,5366.72
2018-03-21,5478.159,1.92,66.3,0.0,370.56,4.96,0,2,0,3,5462.6179999999995,5380.155
2018-03-22,5446.678,2.59,65.54,0.0,359.76,5.73,0,3,0,3,5478.159,5311.351
2018-03-23,5060.38,5.349999999999999,88.55,0.0,313.68,2.16,1,4,0,3,5446.678,5104.989
2018-03-24,3023.3,4.54,72.55,0.0,328.79999999999995,3.69,1,5,1,3,5060.38,3034.377
2018-03-25,2879.579,4.51,75.45,0.0,310.27,3.2,1,6,1,3,3023.3,3048.748
2018-03-26,5451.7699999999995,6.169999999999999,69.81,0.0,279.36,5.52,1,0,0,3,2879.579,5691.421
2018-03-27,4929.582,9.65,72.28,20.88,178.32,5.81,1,1,0,3,5451.7699999999995,5462.6179999999995
2018-03-28,4706.708,7.98,80.28,0.0,219.12,5.66,1,2,0,3,4929.582,5478.159
2018-03-29,2866.221,6.56,70.52,0.0,266.15999999999997,6.010000000000001,1,3,0,3,4706.708,5446.678
2018-03-30,2829.353,4.07,74.86,0.0,337.92,4.2,1,4,0,3,2866.221,5060.38
2018-03-31,2831.203,5.580000000000001,66.25,0.0,289.92,5.37,1,5,1,3,2829.353,3023.3
2018-04-01,2802.266,9.2,68.7,0.0,216.48,4.89,1,6,1,4,2831.203,2879.579
2018-04-02,2945.364,10.68,70.01,31.68,167.52,4.375,0,0,0,4,2802.266,5451.7699999999995
2018-04-03,3005.094,9.34,75.14,1.44,197.76,3.86,0,1,0,4,2945.364,4929.582
2018-04-04,3020.659,8.45,78.24,0.0,219.36,4.26,0,2,0,4,3005.094,4706.708
2018-04-05,3010.549,9.59,65.18,23.52,175.68,5.71,0,3,0,4,3020.659,2866.221
2018-04-06,2956.851,11.57,66.36,43.68,155.52,6.06,0,4,0,4,3010.549,2829.353
2018-04-07,3425.866,6.830000000000001,79.08,0.0,266.4,1.91,1,5,1,4,2956.851,2831.203
2018-04-08,3635.794,7.830000000000001,76.13,0.0,227.04000000000002,3.92,1,6,1,4,3425.866,2802.266
2018-04-09,5298.479,5.18,85.55,0.0,314.64,2.98,0,0,0,4,3635.794,2945.364
2018-04-10,5195.532,4.41,84.08,0.0,331.20000000000005,2.74,0,1,0,4,5298.479,3005.094
2018-04-11,4972.768,4.51,79.47,0.0,323.28000000000003,3.6300000000000003,0,2,0,4,5195.532,3020.659
2018-04-12,5003.207,5.919999999999999,81.07,0.0,275.04,3.53,0,3,0,4,4972.768,3010.549
2018-04-13,4830.909,6.77,82.62,0.0,270.0,3.4500000000000006,0,4,0,4,5003.207,2956.851
2018-04-14,3001.664,9.29,72.52,0.0,201.60000000000002,4.98,1,5,1,4,4830.909,3425.866
2018-04-15,2946.939,9.45,85.37,1.2000000000000002,198.0,3.15,1,6,1,4,3001.664,3635.794
2018-04-16,5082.277,9.15,68.57,7.199999999999999,192.0,5.16,0,0,0,4,2946.939,5298.479
2018-04-17,4607.737,12.33,60.29,45.36,153.84,7.05,0,1,0,4,5082.277,5195.532
2018-04-18,4475.289,15.699999999999998,57.52,132.96,66.24,7.14,0,2,0,4,4607.737,4972.768
2018-04-19,4348.96,15.28,57.4,125.52000000000001,73.67999999999999,7.11,0,3,0,4,4475.289,5003.207
2018-04-20,4278.924,14.46,62.66,108.24,90.96000000000001,7.099999999999999,0,4,0,4,4348.96,4830.909
2018-04-21,2869.341,14.36,66.53,109.44,89.76,2.23,1,5,1,4,4278.924,3001.664
2018-04-22,2813.579,15.64,69.34,139.92000000000002,59.28,4.55,1,6,1,4,2869.341,2946.939
2018-04-23,2789.49,16.54,65.34,154.8,44.400000000000006,6.47,1,0,0,4,2813.579,5082.277
2018-04-24,3374.042,18.05,63.5,185.28,13.919999999999998,7.22,0,1,0,4,2789.49,4607.737
2018-04-25,3402.7690000000002,16.84,63.54999999999999,175.44,23.759999999999998,7.330000000000001,0,2,0,4,3374.042,4475.289
2018-04-26,3382.148,14.96,63.37,123.60000000000001,75.6,7.400000000000001,0,3,0,4,3402.7690000000002,4348.96
2018-04-27,3296.781,13.47,61.59,86.88,112.32,7.330000000000001,0,4,0,4,3382.148,4278.924
2018-04-28,2721.562,10.04,64.61,19.200000000000003,180.0,6.09,1,5,1,4,3296.781,2869.341
2018-04-29,2701.4,6.75,73.36,0.0,270.96,4.88,1,6,1,4,2721.562,2813.579
2018-04-30,3562.249,5.09,74.37,0.0,316.32,3.76,0,0,0,4,2701.4,2789.49
2018-05-01,2875.919,7.400000000000001,58.10999999999999,0.0,264.71999999999997,6.72,1,1,0,5,3562.249,3374.042
2018-05-02,3736.501,9.78,67.9,0.0,214.56,5.900000000000001,0,2,0,5,2875.919,3402.7690000000002
2018-05-03,3877.207,9.61,62.48,0.0,200.64,6.19,0,3,0,5,3736.501,3382.148
2018-05-04,3812.694,9.32,60.99,0.0,204.24,7.37,0,4,0,5,3877.207,3296.781
2018-05-05,3032.828,12.5,65.15,58.08,141.12,7.53,1,5,1,5,3812.694,2721.562
2018-05-06,3077.381,15.64,64.85,127.68,71.52,6.830000000000001,1,6,1,5,3032.828,2701.4
2018-05-07,3751.492,17.32,62.31,179.28,19.919999999999998,6.71,0,0,0,5,3077.381,3562.249
2018-05-08,3655.648,16.08,69.05,148.8,50.400000000000006,7.34,0,1,0,5,3751.492,2875.919
2018-05-09,3429.517,15.43,62.37,132.96,66.24,7.55,0,2,0,5,3655.648,3736.501
2018-05-10,3425.143,12.87,54.69,81.84,117.35999999999999,7.95,0,3,0,5,3429.517,3877.207
2018-05-11,3545.781,14.61,58.43,110.16,89.03999999999999,6.11,0,4,0,5,3425.143,3812.694
2018-05-12,3009.743,10.72,56.09,0.0,204.95999999999998,6.45,1,5,1,5,3545.781,3032.828
2018-05-13,2798.716,8.74,60.13,0.0,241.20000000000002,6.099999999999999,1,6,1,5,3009.743,3077.381
2018-05-14,2788.551,11.01,60.02,48.72,150.48,4.78,0,0,0,5,2798.716,3751.492
2018-05-15,3511.88,11.83,55.29,38.64,160.56,7.989999999999999,0,1,0,5,2788.551,3655.648
2018-05-16,3645.327,13.57,58.94,80.16,119.03999999999999,7.95,0,2,0,5,3511.88,3429.517
2018-05-17,3571.187,14.86,62.54999999999999,120.72,78.48,5.84,0,3,0,5,3645.327,3425.143
2018-05-18,3504.609,13.47,78.47,94.56,104.64000000000001,6.13,0,4,0,5,3571.187,3545.781
2018-05-19,2830.371,15.32,64.98,133.68,65.52,7.37,1,5,1,5,3504.609,3009.743
2018-05-20,2735.326,15.57,57.10999999999999,128.64000000000001,70.56,7.5,1,6,1,5,2830.371,2798.716
2018-05-21,3412.765,16.0,66.06,129.35999999999999,69.84,5.63,0,0,0,5,2735.326,2788.551
2018-05-22,3560.9120000000003,17.18,61.91,153.60000000000002,45.599999999999994,7.05,0,1,0,5,3412.765,3511.88
2018-05-23,3728.701,17.03,68.28,163.2,36.0,4.96,0,2,0,5,3560.9120000000003,3645.327
2018-05-24,3578.853,17.22,73.18,174.24,24.96,4.68,0,3,0,5,3728.701,3571.187
2018-05-25,3513.3669999999997,13.6,83.47,76.08,123.12,2.31,0,4,0,5,3578.853,3504.609
2018-05-26,2877.517,13.89,70.49,93.6,105.60000000000001,5.61,1,5,1,5,3513.3669999999997,2830.371
2018-05-27,2791.851,16.01,65.46,138.24,60.96,6.669999999999999,1,6,1,5,2877.517,2735.326
2018-05-28,3511.227,13.15,87.59999999999998,83.03999999999999,116.16,3.19,0,0,0,5,2791.851,3412.765
2018-05-29,3548.904,14.69,71.67,116.39999999999999,82.80000000000001,5.15,0,1,0,5,3511.227,3560.9120000000003
2018-05-30,3566.323,14.99,73.94,123.35999999999999,75.84,4.54,0,2,0,5,3548.904,3728.701
2018-05-31,3527.097,15.089999999999998,70.48,129.35999999999999,69.84,5.66,0,3,0,5,3566.323,3578.853
2018-06-01,3498.502,14.99,73.07,122.16,77.03999999999999,6.75,0,4,0,6,3527.097,3513.3669999999997
2018-06-02,3163.433,16.71,69.65,164.39999999999998,34.8,7.39,1,5,1,6,3498.502,2877.517
2018-06-03,3095.968,15.81,70.42,151.44,47.76,7.760000000000001,1,6,1,6,3163.433,2791.851
2018-06-04,3590.344,13.07,70.12,90.96000000000001,108.24,3.78,0,0,0,6,3095.968,3511.227
2018-06-05,3734.676,11.99,75.5,50.64,148.56,3.35,0,1,0,6,3590.344,3548.904
2018-06-06,3783.7309999999998,14.660000000000002,67.61,105.35999999999999,93.84,5.33,0,2,0,6,3734.676,3566.323
2018-06-07,3840.071,14.949999999999998,77.38,130.07999999999998,69.12,4.09,0,3,0,6,3783.7309999999998,3527.097
2018-06-08,3766.796,15.26,78.44,119.76,79.44,5.05,0,4,0,6,3840.071,3498.502
2018-06-09,3026.096,13.339999999999998,72.66,82.08,117.12,2.7999999999999994,1,5,1,6,3766.796,3163.433
2018-06-10,2967.66,12.82,80.3,70.56,128.64000000000001,4.54,1,6,1,6,3026.096,3095.968
2018-06-11,3734.956,14.06,73.86,103.19999999999999,96.0,3.8699999999999997,0,0,0,6,2967.66,3590.344
2018-06-12,3584.61,15.300000000000002,70.66,128.88,70.32000000000001,5.37,0,1,0,6,3734.956,3734.676
2018-06-13,3555.924,14.81,64.44,114.0,85.19999999999999,6.82,0,2,0,6,3584.61,3783.7309999999998
2018-06-14,3431.7529999999997,15.949999999999998,59.04999999999999,141.84,57.36,8.32,0,3,0,6,3555.924,3840.071
2018-06-15,3330.021,18.12,61.14000000000001,188.88,10.32,8.37,1,4,0,6,3431.7529999999997,3766.796
2018-06-16,2768.1639999999998,18.43,61.43,208.07999999999998,0.0,8.44,1,5,1,6,3330.021,3026.096
2018-06-17,2757.934,18.23,57.54,194.16,5.04,8.33,1,6,1,6,2768.1639999999998,2967.66
2018-06-18,3330.306,18.99,60.63,208.79999999999998,0.0,8.28,0,0,0,6,2757.934,3734.956
2018-06-19,5040.179,20.71,57.53,249.60000000000002,0.0,8.3,0,1,0,6,3330.306,3584.61
2018-06-20,5589.332,23.36,53.98,313.44,0.0,7.88,0,2,0,6,5040.179,3555.924
2018-06-21,5402.712,22.929999999999996,61.31,314.64,0.0,7.07,0,3,0,6,5589.332,3431.7529999999997
2018-06-22,5482.757,22.34,60.59,302.64,0.0,8.24,0,4,0,6,5402.712,3330.021
2018-06-23,2981.006,22.25,53.78,296.64,0.0,8.29,1,5,1,6,5482.757,2768.1639999999998
2018-06-24,2926.409,23.62,47.21,325.44,0.0,8.35,1,6,1,6,2981.006,2757.934
2018-06-25,5783.423,24.27,47.99,344.64,0.0,8.34,0,0,0,6,2926.409,3330.306
2018-06-26,5878.505,24.08,57.93,326.64,0.0,8.21,0,1,0,6,5783.423,5040.179
2018-06-27,5695.072,22.84,60.14000000000001,315.6,0.0,7.64,0,2,0,6,5878.505,5589.332
2018-06-28,5766.415,20.75,66.67,277.44,0.0,7.23,0,3,0,6,5695.072,5402.712
2018-06-29,5477.058,21.2,63.71,262.32,0.0,6.75,0,4,0,6,5766.415,5482.757
2018-06-30,2964.263,20.21,62.29999999999999,237.84,0.0,3.97,1,5,1,6,5477.058,2981.006
2018-07-01,2868.088,18.69,62.60999999999999,219.36,0.0,7.12,1,6,1,7,2964.263,2926.409
2018-07-02,5229.954,18.6,63.73,203.76,0.0,5.46,1,0,0,7,2868.088,5783.423
2018-07-03,5386.024,19.45,59.57,232.79999999999998,0.0,8.33,1,1,0,7,5229.954,5878.505
2018-07-04,5245.149,18.94,58.85999999999999,211.20000000000002,0.0,8.12,1,2,0,7,5386.024,5695.072
2018-07-05,4886.9710000000005,19.03,60.13,209.04000000000002,0.0,7.669999999999999,1,3,0,7,5245.149,5766.415
2018-07-06,5103.466,20.57,57.44,252.71999999999997,0.0,6.73,1,4,0,7,4886.9710000000005,5477.058
2018-07-07,2840.487,21.49,61.28,274.08,0.0,7.69,1,5,1,7,5103.466,2964.263
2018-07-08,2828.0190000000002,22.179999999999996,63.14000000000001,295.92,0.0,7.39,1,6,1,7,2840.487,2868.088
2018-07-09,5201.749,22.28,60.89000000000001,301.92,0.0,8.22,1,0,0,7,2828.0190000000002,5229.954
2018-07-10,5202.531,22.13,54.63,287.28000000000003,0.0,8.33,1,1,0,7,5201.749,5386.024
2018-07-11,4983.261,20.04,64.51,255.84,0.0,7.87,1,2,0,7,5202.531,5245.149
2018-07-12,5036.365,20.86,59.75,266.15999999999997,0.0,8.2,1,3,0,7,4983.261,4886.9710000000005
2018-07-13,5020.509,22.5,58.73,295.20000000000005,0.0,7.599999999999999,1,4,0,7,5036.365,5103.466
2018-07-14,2953.271,22.81,53.580000000000005,314.4,0.0,8.36,1,5,1,7,5020.509,2840.487
2018-07-15,2843.986,20.67,55.96,252.95999999999998,0.0,7.47,1,6,1,7,2953.271,2828.0190000000002
2018-07-16,4993.465,19.56,62.53,230.88,0.0,7.29,1,0,0,7,2843.986,5201.749
2018-07-17,5168.331,22.209999999999997,52.76,280.08,0.0,7.68,1,1,0,7,4993.465,5202.531
2018-07-18,5204.632,22.53,50.20000000000001,302.15999999999997,0.0,7.82,1,2,0,7,5168.331,4983.261
2018-07-19,5174.956,21.62,48.5,283.92,0.0,8.28,1,3,0,7,5204.632,5036.365
2018-07-20,4831.759,18.65,67.77,220.79999999999998,0.0,6.28,1,4,0,7,5174.956,5020.509
2018-07-21,2806.843,16.48,64.77,149.76,49.44,4.85,1,5,1,7,4831.759,2953.271
2018-07-22,2755.406,19.99,54.38,230.88,0.0,8.12,1,6,1,7,2806.843,2843.986
2018-07-23,5141.467,23.0,47.97,312.48,0.0,8.12,1,0,0,7,2755.406,4993.465
2018-07-24,5295.491,23.100000000000005,45.74,312.48,0.0,8.11,1,1,0,7,5141.467,5168.331
2018-07-25,5335.608,23.61,48.68,334.79999999999995,0.0,8.12,1,2,0,7,5295.491,5204.632
2018-07-26,5309.001,23.58,47.1,324.96,0.0,8.02,1,3,0,7,5335.608,5174.956
2018-07-27,5020.59,22.36,47.12,310.08,0.0,7.47,1,4,0,7,5309.001,4831.759
2018-07-28,2855.289,21.67,45.48,281.04,0.0,8.0,1,5,1,7,5020.59,2806.843
2018-07-29,2855.041,20.93,44.01,266.64,0.0,8.01,1,6,1,7,2855.289,2755.406
2018-07-30,5015.904,21.89,48.96,283.68,0.0,8.0,1,0,0,7,2855.041,5141.467
2018-07-31,4810.3730000000005,23.09,51.70000000000001,315.12,0.0,7.73,1,1,0,7,5015.904,5295.491
2018-08-01,3439.258,24.100000000000005,51.18,344.64,0.0,7.78,1,2,0,8,4810.3730000000005,5335.608
2018-08-02,1926.317,27.040000000000003,41.6,410.64,0.0,7.739999999999999,1,3,0,8,3439.258,5309.001
2018-08-03,3122.412,27.89,42.85,441.59999999999997,0.0,7.599999999999999,1,4,0,8,1926.317,5020.59
2018-08-04,2203.05,25.94,41.44,391.43999999999994,0.0,7.650000000000001,1,5,1,8,3122.412,2855.289
2018-08-05,2198.47,25.36,42.13,372.48,0.0,7.849999999999999,1,6,1,8,2203.05,2855.041
2018-08-06,3302.959,27.17,36.24,429.36,0.0,6.86,1,0,0,8,2198.47,5015.904
2018-08-07,3083.27,22.23,39.52,309.12,0.0,7.68,1,1,0,8,3302.959,4810.3730000000005
2018-08-08,3024.054,21.61,45.26,281.04,0.0,7.66,1,2,0,8,3083.27,3439.258
2018-08-09,2807.752,18.89,55.85999999999999,223.20000000000002,0.0,7.34,1,3,0,8,3024.054,1926.317
2018-08-10,2859.777,19.74,47.88,234.48,0.0,7.48,1,4,0,8,2807.752,3122.412
2018-08-11,2179.375,23.25,44.5,311.28000000000003,0.0,7.3,1,5,1,8,2859.777,2203.05
2018-08-12,2204.711,24.12,37.96,354.48,0.0,6.989999999999999,1,6,1,8,2179.375,2198.47
2018-08-13,3042.168,21.15,50.84,272.64,0.0,7.43,1,0,0,8,2204.711,3302.959
2018-08-14,2243.946,20.44,52.330000000000005,262.79999999999995,0.0,7.46,1,1,0,8,3042.168,3083.27
2018-08-15,2139.212,21.429999999999996,47.03,283.92,0.0,7.38,1,2,0,8,2243.946,3024.054
2018-08-16,2209.496,22.56,47.18,307.20000000000005,0.0,7.2,1,3,0,8,2139.212,2807.752
2018-08-17,2145.628,19.08,61.12,228.95999999999998,0.0,7.0,1,4,0,8,2209.496,2859.777
2018-08-18,2090.5,18.11,44.78,207.60000000000002,0.0,7.11,1,5,1,8,2145.628,2179.375
2018-08-19,2132.585,20.45,46.919999999999995,255.60000000000002,0.0,7.11,1,6,1,8,2090.5,2204.711
2018-08-20,3900.564,21.62,48.45000000000001,285.84000000000003,0.0,7.18,1,0,0,8,2132.585,3042.168
2018-08-21,3973.379,22.97,45.23,314.4,0.0,6.989999999999999,1,1,0,8,3900.564,2243.946
2018-08-22,4153.858,24.16,43.19,343.20000000000005,0.0,6.73,1,2,0,8,3973.379,2139.212
2018-08-23,4159.411,23.25,49.06,330.48,0.0,6.84,1,3,0,8,4153.858,2209.496
2018-08-24,3976.444,21.18,52.16,281.52,0.0,6.84,1,4,0,8,4159.411,2145.628
2018-08-25,2232.8469999999998,19.16,52.35,229.44,0.0,6.8,1,5,1,8,3976.444,2090.5
2018-08-26,2263.572,21.12,43.88,259.44,0.0,6.69,1,6,1,8,2232.8469999999998,2132.585
2018-08-27,4145.141,24.33,34.95,344.4,0.0,6.739999999999999,1,0,0,8,2263.572,3900.564
2018-08-28,4227.089,23.77,40.77,344.15999999999997,0.0,6.68,1,1,0,8,4145.141,3973.379
2018-08-29,4071.109,21.18,56.03,277.44,0.0,6.489999999999999,1,2,0,8,4227.089,4153.858
2018-08-30,4017.233,21.7,53.34,288.48,0.0,6.5,1,3,0,8,4071.109,4159.411
2018-08-31,3917.568,21.53,50.14000000000001,285.6,0.0,6.580000000000001,1,4,0,8,4017.233,3976.444
2018-09-01,2375.759,22.67,47.85999999999999,314.15999999999997,0.0,6.57,1,5,1,9,3917.568,2232.8469999999998
2018-09-02,2410.153,24.44,40.98,357.12,0.0,6.36,1,6,1,9,2375.759,2263.572
2018-09-03,4565.312,22.55,44.580000000000005,330.96,0.0,5.760000000000001,1,0,0,9,2410.153,4145.141
2018-09-04,4328.397,20.01,56.31,250.32,0.0,6.239999999999999,1,1,0,9,4565.312,4227.089
2018-09-05,3767.101,18.5,64.84,211.44,0.0,5.18,1,2,0,9,4328.397,4071.109
2018-09-06,3728.733,17.95,64.67,209.52,0.0,5.18,1,3,0,9,3767.101,4017.233
2018-09-07,3520.846,18.78,58.23,222.95999999999998,0.0,6.169999999999999,1,4,0,9,3728.733,3917.568
2018-09-08,2643.216,19.47,63.21,220.07999999999998,0.0,4.31,1,5,1,9,3520.846,2375.759
2018-09-09,2651.79,19.34,61.03,233.76,0.0,6.080000000000001,1,6,1,9,2643.216,2410.153
2018-09-10,4239.701,19.65,59.69,247.92000000000002,0.0,5.919999999999999,0,0,0,9,2651.79,4565.312
2018-09-11,4341.488,21.23,55.20000000000001,266.88,0.0,5.77,0,1,0,9,4239.701,4328.397
2018-09-12,4525.142,21.98,52.169999999999995,291.84000000000003,0.0,5.53,0,2,0,9,4341.488,3767.101
2018-09-13,4518.056,21.24,53.16,288.24,0.0,5.919999999999999,0,3,0,9,4525.142,3728.733
2018-09-14,4426.055,20.96,53.73,275.76,0.0,5.71,1,4,0,9,4518.056,3520.846
2018-09-15,2851.7,22.23,51.20000000000001,299.04,0.0,5.760000000000001,1,5,1,9,4426.055,2643.216
2018-09-16,2803.712,22.61,45.28,306.71999999999997,0.0,5.38,1,6,1,9,2851.7,2651.79
2018-09-17,4522.075,23.05,47.71,326.88,0.0,4.68,0,0,0,9,2803.712,4239.701
2018-09-18,4759.469,22.39,51.580000000000005,300.0,0.0,5.489999999999999,0,1,0,9,4522.075,4341.488
2018-09-19,4693.782999999999,22.56,45.99,308.15999999999997,0.0,5.47,0,2,0,9,4759.469,4525.142
2018-09-20,4865.626,22.040000000000003,45.64000000000001,307.68,0.0,5.32,0,3,0,9,4693.782999999999,4518.056
2018-09-21,4693.848,19.56,46.98,239.76,0.0,5.03,0,4,0,9,4865.626,4426.055
2018-09-22,2953.53,21.19,46.31,281.04,0.0,5.34,1,5,1,9,4693.848,2851.7
2018-09-23,2952.609,21.790000000000003,46.85,302.4,0.0,5.41,1,6,1,9,2953.53,2803.712
2018-09-24,4786.305,17.88,60.64000000000001,181.2,18.0,5.3,0,0,0,9,2952.609,4522.075
2018-09-25,4426.44,14.74,45.62,141.35999999999999,57.84,5.38,0,1,0,9,4786.305,4759.469
2018-09-26,4559.911,19.68,58.07,229.92000000000002,0.0,4.7,0,2,0,9,4426.44,4693.782999999999
2018-09-27,4709.541,20.95,58.03,269.52,0.0,5.0,0,3,0,9,4559.911,4865.626
2018-09-28,4526.1939999999995,20.5,51.32,264.48,0.0,5.13,0,4,0,9,4709.541,4693.848
2018-09-29,3082.164,19.37,56.60999999999999,244.32,0.0,5.02,1,5,1,9,4526.1939999999995,2953.53
2018-09-30,3079.775,18.01,49.56,214.56,0.0,4.93,1,6,1,9,3082.164,2952.609
2018-10-01,4392.182,13.520000000000001,55.53,121.19999999999999,78.0,5.02,0,0,0,10,3079.775,4786.305
2018-10-02,4223.573,12.92,45.59,89.52,109.68,4.98,0,1,0,10,4392.182,4426.44
2018-10-03,3807.581,15.6,49.15,160.8,38.400000000000006,4.89,0,2,0,10,4223.573,4559.911
2018-10-04,3601.242,17.54,39.49,189.84,9.36,4.85,0,3,0,10,3807.581,4709.541
2018-10-05,3531.382,18.18,31.42,205.20000000000002,0.0,4.82,0,4,0,10,3601.242,4526.1939999999995
2018-10-06,3130.38,15.22,46.15,152.39999999999998,46.8,4.35,1,5,1,10,3531.382,3082.164
2018-10-07,3027.653,9.9,63.12,20.16,179.04,4.43,1,6,1,10,3130.38,3079.775
2018-10-08,3766.858,11.339999999999998,69.27,52.08,147.12,3.84,0,0,0,10,3027.653,4392.182
2018-10-09,3975.0280000000002,12.449999999999998,59.48,69.36,129.84,4.25,0,1,0,10,3766.858,4223.573
2018-10-10,4111.01,13.78,63.29999999999999,93.84,105.35999999999999,3.53,0,2,0,10,3975.0280000000002,3807.581
2018-10-11,3938.592,15.47,74.37,148.8,50.400000000000006,2.02,0,3,0,10,4111.01,3601.242
2018-10-12,3094.273,15.6,60.57,168.24,30.96,3.75,1,4,0,10,3938.592,3531.382
2018-10-13,2921.775,17.84,60.89000000000001,203.76,0.0,3.92,1,5,1,10,3094.273,3130.38
2018-10-14,2801.78,12.36,71.84,42.96,156.24,1.64,1,6,1,10,2921.775,3027.653
2018-10-15,3918.58,9.8,81.24,4.5600000000000005,194.64,1.9400000000000002,0,0,0,10,2801.78,3766.858
2018-10-16,4006.075,12.32,71.51,80.16,119.03999999999999,3.61,0,1,0,10,3918.58,3975.0280000000002
2018-10-17,3999.421,13.76,63.64000000000001,106.56,92.64,4.02,0,2,0,10,4006.075,4111.01
2018-10-18,3721.647,13.64,71.79,111.35999999999999,87.84,3.51,0,3,0,10,3999.421,3938.592
2018-10-19,3589.863,14.03,79.2,120.0,79.19999999999999,1.8999999999999997,0,4,0,10,3721.647,3094.273
2018-10-20,2735.954,14.39,73.54,130.56,68.64,3.25,1,5,1,10,3589.863,2921.775
2018-10-21,2717.76,15.5,69.24,158.39999999999998,40.8,3.3800000000000003,1,6,1,10,2735.954,2801.78
2018-10-22,3628.348,12.92,64.81,99.12,100.08,3.97,0,0,0,10,2717.76,3918.58
2018-10-23,4003.1710000000003,11.97,64.62,85.67999999999999,113.52000000000001,3.94,0,1,0,10,3628.348,4006.075
2018-10-24,3904.032,11.35,59.419999999999995,77.03999999999999,122.16,3.97,0,2,0,10,4003.1710000000003,3999.421
2018-10-25,3882.373,13.36,50.32,102.0,97.19999999999999,3.81,0,3,0,10,3904.032,3721.647
2018-10-26,3773.803,11.57,68.38,57.599999999999994,141.60000000000002,1.67,0,4,0,10,3882.373,3589.863
2018-10-27,2965.401,6.099999999999999,75.81,0.0,306.24,1.99,1,5,1,10,3773.803,2735.954
2018-10-28,3132.353,3.13,76.91,0.0,365.5,2.12,1,6,1,10,2965.401,2717.76
2018-10-29,4690.916,3.77,72.34,0.0,347.28000000000003,2.68,0,0,0,10,3132.353,3628.348
2018-10-30,4815.204,5.419999999999999,85.96,0.0,293.04,1.28,0,1,0,10,4690.916,4003.1710000000003
2018-10-31,4686.406,5.27,82.37,0.0,280.79999999999995,1.31,0,2,0,10,4815.204,3904.032
2018-11-01,3138.407,6.39,78.2,0.0,276.24,3.17,1,3,0,11,4686.406,3882.373
2018-11-02,3170.192,10.06,82.17,22.799999999999997,176.39999999999998,2.65,1,4,0,11,3138.407,3773.803
2018-11-03,3144.017,8.13,65.34,0.0,217.44,3.35,1,5,1,11,3170.192,2965.401
2018-11-04,3081.05,8.24,69.33,0.0,226.79999999999998,3.01,1,6,1,11,3144.017,3132.353
2018-11-05,4744.362,6.63,85.40000000000002,0.0,279.6,1.64,0,0,0,11,3081.05,4690.916
2018-11-06,4887.174,6.739999999999999,86.58999999999999,0.0,272.64,0.83,0,1,0,11,4744.362,4815.204
2018-11-07,4734.0380000000005,7.900000000000001,77.44,0.0,249.84,2.84,0,2,0,11,4887.174,4686.406
2018-11-08,4745.8769999999995,7.19,78.81,0.0,234.95999999999998,2.35,0,3,0,11,4734.0380000000005,3138.407
2018-11-09,4592.12,6.84,85.38,0.0,277.44,1.75,0,4,0,11,4745.8769999999995,3170.192
2018-11-10,3146.105,10.58,88.46999999999998,29.04,170.16,1.07,1,5,1,11,4592.12,3144.017
2018-11-11,3053.985,10.0,89.06,10.08,189.12,0.96,1,6,1,11,3146.105,3081.05
2018-11-12,5043.739,7.02,86.08999999999999,0.0,257.04,0.91,0,0,0,11,3053.985,4744.362
2018-11-13,4737.4039999999995,8.39,84.18,1.44,197.76,1.54,0,1,0,11,5043.739,4887.174
2018-11-14,4664.172,9.65,84.12,32.88,166.32,2.54,0,2,0,11,4737.4039999999995,4734.0380000000005
2018-11-15,4752.003,10.17,84.5,27.839999999999996,171.35999999999999,2.52,0,3,0,11,4664.172,4745.8769999999995
2018-11-16,4720.513,9.7,88.62,18.48,180.72,1.71,0,4,0,11,4752.003,4592.12
2018-11-17,3298.906,9.63,85.24,30.72,168.48,2.72,1,5,1,11,4720.513,3146.105
2018-11-18,3175.518,8.51,89.08999999999999,0.0,221.28000000000003,1.21,1,6,1,11,3298.906,3053.985
2018-11-19,3479.54,8.3,82.79,0.0,221.76,2.27,0,0,0,11,3175.518,5043.739
2018-11-20,5022.267,7.56,87.52,0.0,245.28000000000003,0.94,0,1,0,11,3479.54,4737.4039999999995
2018-11-21,4793.714,6.72,82.96,0.0,271.92,1.8500000000000003,0,2,0,11,5022.267,4664.172
2018-11-22,4912.436,5.849999999999999,87.46999999999998,0.0,279.84000000000003,1.66,0,3,0,11,4793.714,4752.003
2018-11-23,4657.888,5.84,84.94,0.0,276.48,2.05,0,4,0,11,4912.436,4720.513
2018-11-24,3211.702,6.3,82.71,0.0,268.79999999999995,1.82,1,5,1,11,4657.888,3298.906
2018-11-25,3171.171,7.69,83.32,0.0,245.04000000000002,1.9400000000000002,1,6,1,11,3211.702,3175.518
2018-11-26,4866.981,5.56,81.86,0.0,292.08,2.28,0,0,0,11,3171.171,3479.54
2018-11-27,4932.912,4.15,83.04,0.0,311.04,1.7700000000000002,0,1,0,11,4866.981,5022.267
2018-11-28,4867.325,4.08,67.03,0.0,305.52,2.55,0,2,0,11,4932.912,4793.714
2018-11-29,4947.946,3.83,70.43,0.0,307.20000000000005,1.15,0,3,0,11,4867.325,4912.436
2018-11-30,4696.818,4.36,86.25,0.0,324.71999999999997,1.8999999999999997,0,4,0,11,4947.946,4657.888
2018-12-01,3272.051,5.0,92.46,0.0,304.08,1.72,1,5,1,12,4696.818,3211.702
2018-12-02,3192.379,7.31,91.19,0.0,230.16,1.71,1,6,1,12,3272.051,3171.171
2018-12-03,4831.443,7.97,95.29,0.0,234.0,1.7700000000000002,0,0,0,12,3192.379,4866.981
2018-12-04,4733.136,9.74,77.77,37.44,161.76,1.91,0,1,0,12,4831.443,4932.912
2018-12-05,4743.77,6.599999999999999,84.49,0.0,246.0,2.14,0,2,0,12,4733.136,4867.325
2018-12-06,3795.669,6.94,92.69,0.0,246.24,1.14,1,3,0,12,4743.77,4947.946
2018-12-07,3745.431,6.12,95.42,0.0,282.96,1.93,1,4,0,12,3795.669,4696.818
2018-12-08,3021.949,6.45,76.04,0.0,250.79999999999998,2.22,1,5,1,12,3745.431,3272.051
2018-12-09,3054.641,6.669999999999999,76.26,0.0,251.76,2.34,1,6,1,12,3021.949,3192.379
2018-12-10,4837.817,5.36,76.82,0.0,270.24,2.12,0,0,0,12,3054.641,4831.443
2018-12-11,5049.341,6.38,72.72,0.0,254.16,1.5599999999999998,0,1,0,12,4837.817,4733.136
2018-12-12,5140.213,5.32,91.12,0.0,296.64,0.66,0,2,0,12,5049.341,4743.77
2018-12-13,5097.538,5.19,84.02,0.0,329.52,1.28,0,3,0,12,5140.213,3795.669
2018-12-14,4967.203,2.9599999999999995,89.65000000000002,0.0,340.56,2.21,0,4,0,12,5097.538,3745.431
2018-12-15,3408.274,6.39,94.96,0.0,283.68,0.67,1,5,1,12,4967.203,3021.949
2018-12-16,3367.001,6.760000000000001,87.3,0.0,290.4,1.68,1,6,1,12,3408.274,3054.641
2018-12-17,5203.483,3.14,79.82,0.0,344.64,1.64,0,0,0,12,3367.001,4837.817
2018-12-18,5193.665,4.26,83.4,0.0,331.44,0.94,0,1,0,12,5203.483,5049.341
2018-12-19,5138.111,5.489999999999999,88.93,0.0,289.92,1.37,0,2,0,12,5193.665,5140.213
2018-12-20,5099.437,5.93,95.18,0.0,278.4,1.13,0,3,0,12,5138.111,5097.538
2018-12-21,4833.582,7.2,92.79,0.0,254.16,1.39,0,4,0,12,5099.437,4967.203
2018-12-22,3179.072,7.02,93.33999999999999,0.0,250.32,1.01,1,5,1,12,4833.582,3408.274
2018-12-23,3186.826,6.54,83.04,0.0,247.68,1.58,1,6,1,12,3179.072,3367.001
2018-12-24,3701.022,5.11,81.03,0.0,278.88,1.39,1,0,0,12,3186.826,5203.483
2018-12-25,3702.328,6.400000000000001,77.23,0.0,252.95999999999998,1.67,1,1,0,12,3701.022,5193.665
2018-12-26,3286.623,6.64,61.87,0.0,255.36,2.08,1,2,0,12,3702.328,5138.111
2018-12-27,3226.936,5.12,68.73,0.0,294.48,1.6900000000000002,1,3,0,12,3286.623,5099.437
2018-12-28,3236.796,5.09,87.89,0.0,295.68,1.43,1,4,0,12,3226.936,4833.582
2018-12-29,3127.294,5.1,80.71,0.0,300.71999999999997,2.12,1,5,1,12,3236.796,3179.072
2018-12-30,3174.735,2.61,67.9,0.0,319.68,2.41,1,6,1,12,3127.294,3186.826
2018-12-31,3425.487,4.24,61.63,0.0,290.15999999999997,2.41,1,0,0,12,3174.735,3701.022
2019-01-01,3848.321,4.01,71.71,0.0,295.44,2.44,1,1,0,1,3425.487,3702.328
2019-01-02,4865.329,1.05,84.4,0.0,363.36,2.03,1,2,0,1,3848.321,3286.623
2019-01-03,4938.767,0.93,67.44,0.0,365.52,1.8099999999999998,1,3,0,1,4865.329,3226.936
2019-01-04,4917.079,1.24,57.93,0.0,346.32,2.42,1,4,0,1,4938.767,3236.796
2019-01-05,4551.934,1.7,58.51,0.0,339.84000000000003,2.52,1,5,1,1,4917.079,3127.294
2019-01-06,4515.014,0.61,69.7,0.0,360.24,2.57,1,6,1,1,4551.934,3174.735
2019-01-07,4549.5779999999995,0.27,78.46,0.0,374.4,2.53,1,0,0,1,4515.014,3425.487
2019-01-08,5864.794,1.11,83.35,0.0,359.28000000000003,2.18,0,1,0,1,4549.5779999999995,3848.321
2019-01-09,5616.924,2.93,87.44,0.0,318.96,1.76,0,2,0,1,5864.794,4865.329
2019-01-10,5563.459,0.44,79.95,0.0,410.40000000000003,2.34,0,3,0,1,5616.924,4938.767
2019-01-11,5453.99,-0.06,86.08999999999999,0.0,409.91999999999996,2.3,0,4,0,1,5563.459,4917.079
2019-01-12,3210.193,1.6900000000000002,91.58999999999999,0.0,356.64,1.99,1,5,1,1,5453.99,4551.934
2019-01-13,3211.997,2.93,89.44,0.0,332.4,2.08,1,6,1,1,3210.193,4515.014
2019-01-14,5329.734,2.8699999999999997,90.83999999999999,0.0,327.6,2.38,0,0,0,1,3211.997,4549.5779999999995
2019-01-15,5381.0,4.64,77.64,0.0,293.28000000000003,1.87,0,1,0,1,5329.734,5864.794
2019-01-16,5370.8640000000005,2.27,91.52,0.0,370.08,1.695,0,2,0,1,5381.0,5616.924
2019-01-17,5239.435,2.17,82.53,0.0,376.79999999999995,1.5200000000000002,0,3,0,1,5370.8640000000005,5563.459
2019-01-18,5122.193,0.9899999999999999,87.5,0.0,386.64,1.3999999999999997,0,4,0,1,5239.435,5453.99
2019-01-19,3250.58,1.67,94.83,0.0,396.72,0.79,1,5,1,1,5122.193,3210.193
2019-01-20,3291.479,3.0,88.16000000000001,0.0,344.15999999999997,2.41,1,6,1,1,3250.58,3211.997
2019-01-21,5315.197,1.95,83.4,0.0,364.56,2.22,0,0,0,1,3291.479,5329.734
2019-01-22,5373.157,1.17,94.76,0.0,408.24,0.63,1,1,0,1,5315.197,5381.0
2019-01-23,5325.07,5.419999999999999,85.92,0.0,297.6,1.5200000000000002,0,2,0,1,5373.157,5370.8640000000005
2019-01-24,5145.678,6.66,89.36,0.0,247.92000000000002,2.28,0,3,0,1,5325.07,5239.435
2019-01-25,4857.073,5.66,84.15,0.0,276.24,2.91,0,4,0,1,5145.678,5122.193
2019-01-26,3152.494,3.91,83.67,0.0,296.4,2.98,1,5,1,1,4857.073,3250.58
2019-01-27,3131.183,3.66,77.11,0.0,339.12,2.7099999999999995,1,6,1,1,3152.494,3291.479
2019-01-28,3402.561,3.6300000000000003,82.91,0.0,321.12,2.32,1,0,0,1,3131.183,5315.197
2019-01-29,4997.584,3.23,89.55,0.0,332.64,1.15,0,1,0,1,3402.561,5373.157
2019-01-30,5080.126,3.06,88.26,0.0,367.44,2.11,0,2,0,1,4997.584,5325.07
2019-01-31,4998.764,8.6,90.45,0.0,223.92000000000002,1.58,0,3,0,1,5080.126,5145.678
2019-02-01,4906.399,3.98,84.88,0.0,342.48,1.5,0,4,0,2,4998.764,4857.073
2019-02-02,3246.564,1.3999999999999997,74.65,0.0,406.08000000000004,2.54,1,5,1,2,4906.399,3152.494
2019-02-03,3686.576,0.06,78.03,0.0,405.59999999999997,3.2099999999999995,1,6,1,2,3246.564,3131.183
2019-02-04,5329.226,1.76,70.7,0.0,387.59999999999997,2.8699999999999997,0,0,0,2,3686.576,3402.561
2019-02-05,5197.127,5.900000000000001,70.14,0.0,273.84000000000003,3.33,1,1,0,2,5329.226,4997.584
2019-02-06,5155.874,6.080000000000001,80.77,0.0,252.71999999999997,3.34,0,2,0,2,5197.127,5080.126
2019-02-07,5122.464,4.36,79.33,0.0,306.71999999999997,3.4500000000000006,0,3,0,2,5155.874,4998.764
2019-02-08,4959.238,2.84,89.64,0.0,351.12,3.5,0,4,0,2,5122.464,4906.399
2019-02-09,3204.5389999999998,6.16,81.77,0.0,252.24,3.2099999999999995,1,5,1,2,4959.238,3246.564
2019-02-10,3120.822,6.93,90.66000000000001,0.0,283.68,1.71,1,6,1,2,3204.5389999999998,3686.576
2019-02-11,5216.515,3.5,77.05,0.0,327.84000000000003,3.6199999999999997,0,0,0,2,3120.822,5329.226
2019-02-12,5439.066,5.12,63.04,0.0,290.15999999999997,3.7000000000000006,0,1,0,2,5216.515,5197.127
2019-02-13,5407.237,6.69,53.62,0.0,261.6,3.85,0,2,0,2,5439.066,5155.874
2019-02-14,5843.394,6.12,59.76,0.0,249.60000000000002,3.93,0,3,0,2,5407.237,5122.464
2019-02-15,5358.463,7.19,58.43,0.0,231.12,3.97,0,4,0,2,5843.394,4959.238
2019-02-16,3452.554,7.2,63.02,0.0,235.92000000000002,3.97,1,5,1,2,5358.463,3204.5389999999998
2019-02-17,3401.972,6.31,61.72,0.0,260.15999999999997,3.77,1,6,1,2,3452.554,3120.822
2019-02-18,5444.507,6.34,73.2,0.0,270.96,3.18,0,0,0,2,3401.972,5216.515
2019-02-19,5360.93,7.13,79.68,0.0,251.52,2.91,0,1,0,2,5444.507,5439.066
2019-02-20,5227.352,6.46,77.33,0.0,256.32,3.9599999999999995,0,2,0,2,5360.93,5407.237
2019-02-21,5526.299,7.63,64.67,0.0,231.60000000000002,4.22,0,3,0,2,5227.352,5843.394
2019-02-22,5300.46,8.3,50.15,0.0,207.60000000000002,4.4,0,4,0,2,5526.299,5358.463
2019-02-23,3592.151,7.57,67.26,0.0,222.0,3.25,1,5,1,2,5300.46,3452.554
2019-02-24,3508.765,9.4,57.85,14.399999999999999,184.8,4.39,1,6,1,2,3592.151,3401.972
2019-02-25,5082.087,10.729999999999999,50.03,33.36,165.84,4.52,0,0,0,2,3508.765,5444.507
2019-02-26,5030.531,10.42,51.65,38.88,160.32,4.57,0,1,0,2,5082.087,5360.93
2019-02-27,4989.081,9.23,51.65,16.32,182.88,4.58,0,2,0,2,5030.531,5227.352
2019-02-28,5258.344,8.3,68.64,0.0,210.95999999999998,3.92,0,3,0,2,4989.081,5526.299
2019-03-01,4772.861,8.64,69.68,0.0,212.39999999999998,4.63,0,4,0,3,5258.344,5300.46
2019-03-02,3142.788,8.55,68.61,8.64,190.56,4.63,1,5,1,3,4772.861,3592.151
2019-03-03,3137.496,8.76,64.61,0.0,212.39999999999998,3.86,1,6,1,3,3142.788,3508.765
2019-03-04,5040.572,8.49,67.6,0.0,226.07999999999998,3.94,0,0,0,3,3137.496,5082.087
2019-03-05,5136.216,8.57,75.01,0.0,229.44,3.52,0,1,0,3,5040.572,5030.531
2019-03-06,5253.725,8.21,82.55,0.0,262.79999999999995,1.88,0,2,0,3,5136.216,4989.081
2019-03-07,5441.196,5.33,75.68,0.0,285.36,3.99,0,3,0,3,5253.725,5258.344
2019-03-08,5394.354,7.38,67.45,0.0,240.0,4.13,0,4,0,3,5441.196,4772.861
2019-03-09,3584.4809999999998,9.42,77.5,0.0,200.88,4.73,1,5,1,3,5394.354,3142.788
2019-03-10,3506.9700000000003,10.53,79.4,55.199999999999996,144.0,4.75,1,6,1,3,3584.4809999999998,3137.496
2019-03-11,5395.101,9.01,58.18,0.0,207.60000000000002,5.15,0,0,0,3,3506.9700000000003,5040.572
2019-03-12,5451.518,9.61,57.65,6.48,192.71999999999997,4.97,0,1,0,3,5395.101,5136.216
2019-03-13,5228.425,5.7,67.19,0.0,294.96,4.45,0,2,0,3,5451.518,5253.725
2019-03-14,5248.333,6.09,63.15,0.0,266.4,5.37,0,3,0,3,5228.425,5441.196
2019-03-15,4916.342,8.74,54.35999999999999,0.0,211.92000000000002,5.59,0,4,0,3,5248.333,5394.354
2019-03-16,3292.704,11.71,44.99,67.44,131.76,5.489999999999999,1,5,1,3,4916.342,3584.4809999999998
2019-03-17,3284.887,7.5,70.16,0.0,226.56,5.26,1,6,1,3,3292.704,3506.9700000000003
2019-03-18,5355.179,5.03,64.62,0.0,306.0,5.38,0,0,0,3,3284.887,5395.101
2019-03-19,5407.317,5.94,71.35,0.0,274.08,4.64,1,1,0,3,5355.179,5451.518
2019-03-20,5439.751,6.13,61.62,0.0,264.24,5.68,0,2,0,3,5407.317,5228.425
2019-03-21,5483.876,6.010000000000001,56.64000000000001,0.0,280.32,5.87,0,3,0,3,5439.751,5248.333
2019-03-22,4794.882,8.5,47.39000000000001,0.0,230.88,5.91,0,4,0,3,5483.876,4916.342
2019-03-23,3447.781,10.52,51.9,21.6,177.60000000000002,5.78,1,5,1,3,4794.882,3292.704
2019-03-24,3488.209,11.51,52.13,56.16,143.04,5.81,1,6,1,3,3447.781,3284.887
2019-03-25,5145.419,8.46,59.39000000000001,0.0,208.32,6.06,0,0,0,3,3488.209,5355.179
2019-03-26,4963.219,7.88,44.96,0.0,208.79999999999998,6.25,0,1,0,3,5145.419,5407.317
2019-03-27,4912.783,7.330000000000001,47.88,0.0,237.60000000000002,6.27,0,2,0,3,4963.219,5439.751
2019-03-28,5066.557,8.22,54.09,0.0,220.79999999999998,6.25,0,3,0,3,4912.783,5483.876
2019-03-29,4738.852,9.68,47.68,0.0,199.92000000000002,6.27,0,4,0,3,5066.557,4794.882
2019-03-30,3252.69,10.45,50.29999999999999,7.68,191.52,6.0,1,5,1,3,4738.852,3447.781
2019-03-31,3243.374,10.87,55.58,15.41,175.49,4.84,1,6,1,3,3252.69,3488.209
2019-04-01,4829.326,10.45,64.21,0.0,201.36,5.55,0,0,0,4,3243.374,5145.419
2019-04-02,4711.863,10.910000000000002,59.46,30.72,168.48,5.62,0,1,0,4,4829.326,4963.219
2019-04-03,4815.313,5.53,61.98,0.0,300.48,4.57,0,2,0,4,4711.863,4912.783
2019-04-04,5007.03,4.69,62.88,0.0,320.15999999999997,6.010000000000001,0,3,0,4,4815.313,5066.557
2019-04-05,4919.442,4.93,74.68,0.0,309.6,1.83,0,4,0,4,5007.03,4738.852
2019-04-06,3185.318,4.99,78.23,0.0,302.4,3.47,1,5,1,4,4919.442,3252.69
2019-04-07,3211.341,6.84,71.14,0.0,259.20000000000005,4.41,1,6,1,4,3185.318,3243.374
2019-04-08,4956.524,8.4,69.48,0.0,236.64,4.85,0,0,0,4,3211.341,4829.326
2019-04-09,5201.202,6.57,77.05,0.0,270.96,3.6199999999999997,0,1,0,4,4956.524,4711.863
2019-04-10,5113.372,7.05,73.48,0.0,260.88,3.53,0,2,0,4,5201.202,4815.313
2019-04-11,5027.502,7.080000000000001,67.43,0.0,254.88,4.9,0,3,0,4,5113.372,5007.03
2019-04-12,4447.699,9.02,54.35,0.0,211.20000000000002,6.919999999999999,0,4,0,4,5027.502,4919.442
2019-04-13,2974.436,11.68,51.56,44.64,154.56,6.900000000000001,1,5,1,4,4447.699,3185.318
2019-04-14,2993.759,14.63,70.83,111.12,88.08,4.94,1,6,1,4,2974.436,3211.341
2019-04-15,3050.66,13.53,70.89,77.76,121.44,4.8,1,0,0,4,2993.759,4956.524
2019-04-16,2997.993,11.44,57.76,43.2,156.0,6.47,1,1,0,4,3050.66,5201.202
2019-04-17,3012.762,12.78,61.47,78.48,120.72,2.62,1,2,0,4,2997.993,5113.372
2019-04-18,2999.424,9.46,82.69,0.0,204.0,2.16,1,3,0,4,3012.762,5027.502
2019-04-19,2998.222,11.020000000000001,70.56,16.799999999999997,182.39999999999998,2.58,1,4,0,4,2999.424,4447.699
2019-04-20,2955.306,13.64,54.91,99.84,99.35999999999999,7.11,1,5,1,4,2998.222,2974.436
2019-04-21,2989.756,10.78,66.03,15.120000000000001,184.07999999999998,4.32,1,6,1,4,2955.306,2993.759
2019-04-22,3007.231,11.74,62.02,35.519999999999996,163.68,5.62,1,0,0,4,2989.756,3050.66
2019-04-23,3421.532,8.31,70.92,0.0,246.24,4.2,1,1,0,4,3007.231,2997.993
2019-04-24,4790.36,7.7,82.25,0.0,230.39999999999998,3.6300000000000003,0,2,0,4,3421.532,3012.762
2019-04-25,4925.757,7.21,74.72,0.0,254.64,5.71,0,3,0,4,4790.36,2999.424
2019-04-26,4598.083,9.67,64.28,11.52,187.68,5.849999999999999,0,4,0,4,4925.757,2998.222
2019-04-27,3136.718,11.729999999999999,64.4,38.160000000000004,161.04,7.37,1,5,1,4,4598.083,2955.306
2019-04-28,2896.985,13.910000000000002,59.830000000000005,95.76,103.44,7.5,1,6,1,4,3136.718,2989.756
2019-04-29,4217.965,15.25,52.72,120.47999999999999,78.72,7.36,0,0,0,4,2896.985,3007.231
2019-04-30,4129.128,15.11,53.73,130.8,68.4,7.54,0,1,0,4,4217.965,3421.532
2019-05-01,3404.614,14.61,49.46,123.12,76.08,7.3,1,2,0,5,4129.128,4790.36
2019-05-02,4183.4,12.1,53.22,65.76,133.44,7.55,0,3,0,5,3404.614,4925.757
2019-05-03,4076.557,10.27,59.85999999999999,11.76,187.44,6.63,0,4,0,5,4183.4,4598.083
2019-05-04,2955.997,11.12,54.07,47.519999999999996,151.68,7.78,1,5,1,5,4076.557,3136.718
2019-05-05,2919.396,10.35,44.41,25.200000000000003,174.0,7.82,1,6,1,5,2955.997,2896.985
2019-05-06,4156.882,13.92,48.49,73.92,125.28,7.080000000000001,0,0,0,5,2919.396,4217.965
2019-05-07,4225.801,13.72,73.45,85.44,113.76,5.89,0,1,0,5,4156.882,4129.128
2019-05-08,4201.631,12.910000000000002,62.22,65.28,133.92000000000002,5.07,0,2,0,5,4225.801,3404.614
2019-05-09,4185.44,12.75,76.12,64.32000000000001,134.88,3.93,0,3,0,5,4201.631,4183.4
2019-05-10,3982.034,16.1,66.28,148.07999999999998,51.12,6.09,0,4,0,5,4185.44,4076.557
2019-05-11,2928.898,14.51,55.75,122.39999999999999,76.80000000000001,7.93,1,5,1,5,3982.034,2955.997
2019-05-12,2934.08,13.729999999999999,43.10999999999999,100.56,98.64000000000001,8.0,1,6,1,5,2928.898,2919.396
2019-05-13,3425.629,14.68,37.13,124.32,74.88,8.19,0,0,0,5,2934.08,4156.882
2019-05-14,4367.018,16.7,40.34,160.8,38.400000000000006,8.19,0,1,0,5,3425.629,4225.801
2019-05-15,4321.687,19.29,36.89,222.48,0.0,7.22,0,2,0,5,4367.018,4201.631
2019-05-16,4142.641,16.59,50.26,178.07999999999998,21.12,7.72,0,3,0,5,4321.687,4185.44
2019-05-17,3958.002,11.15,57.59,37.92,161.28,3.4599999999999995,0,4,0,5,4142.641,3982.034
2019-05-18,2759.884,9.09,61.66,0.0,238.56,5.45,1,5,1,5,3958.002,2928.898
2019-05-19,2789.592,10.66,54.19,10.32,188.88,5.73,1,6,1,5,2759.884,2934.08
2019-05-20,4029.695,12.62,51.44,57.84,141.35999999999999,6.79,0,0,0,5,2789.592,3425.629
2019-05-21,4057.998,15.14,48.98,117.84,81.36,7.11,0,1,0,5,4029.695,4367.018
2019-05-22,3612.898,17.54,45.49,158.64000000000001,40.56,7.919999999999999,0,2,0,5,4057.998,4321.687
2019-05-23,3511.723,18.01,54.49,207.36,0.0,6.8,0,3,0,5,3612.898,4142.641
2019-05-24,3426.386,13.64,55.65,98.39999999999999,100.80000000000001,7.72,0,4,0,5,3511.723,3958.002
2019-05-25,2894.404,14.11,53.53,110.16,89.03999999999999,7.72,1,5,1,5,3426.386,2759.884
2019-05-26,2827.822,16.04,55.69,152.16,47.04,8.18,1,6,1,5,2894.404,2789.592
2019-05-27,3365.444,16.38,56.54,159.35999999999999,39.839999999999996,7.489999999999999,0,0,0,5,2827.822,4029.695
2019-05-28,3451.627,14.01,50.16,114.96000000000001,84.24,8.12,0,1,0,5,3365.444,4057.998
2019-05-29,3412.387,14.979999999999999,53.41,118.08,81.12,8.32,0,2,0,5,3451.627,3612.898
2019-05-30,3419.71,18.64,43.37,191.52,7.68,8.3,0,3,0,5,3412.387,3511.723
2019-05-31,3338.504,21.25,35.19,254.39999999999998,0.0,8.51,0,4,0,5,3419.71,3426.386
2019-06-01,2872.585,23.570000000000004,29.98,309.6,0.0,8.44,1,5,1,6,3338.504,2894.404
2019-06-02,2900.777,22.81,36.45,322.56,0.0,7.55,1,6,1,6,2872.585,2827.822
2019-06-03,3384.221,22.03,38.47,284.15999999999997,0.0,8.06,0,0,0,6,2900.777,3365.444
2019-06-04,4425.585,18.08,50.78,197.76,1.44,7.760000000000001,0,1,0,6,3384.221,3451.627
2019-06-05,4245.43,13.42,51.57,95.52,103.68,5.86,0,2,0,6,4425.585,3412.387
2019-06-06,4243.258,14.24,48.91,97.68,101.52000000000001,7.330000000000001,0,3,0,6,4245.43,3419.71
2019-06-07,4029.301,12.17,50.94,65.76,133.44,7.0,0,4,0,6,4243.258,3338.504
2019-06-08,2688.116,14.85,43.21,96.96000000000001,102.24,7.87,1,5,1,6,4029.301,2872.585
2019-06-09,2687.074,15.99,46.37,147.60000000000002,51.599999999999994,7.79,1,6,1,6,2688.116,2900.777
2019-06-10,4303.4529999999995,14.63,49.51,118.32,80.88,7.48,0,0,0,6,2687.074,3384.221
2019-06-11,4364.644,12.13,51.74,58.08,141.12,6.64,1,1,0,6,4303.4529999999995,4425.585
2019-06-12,4422.938,12.85,40.93,59.519999999999996,139.68,8.44,0,2,0,6,4364.644,4245.43
2019-06-13,4503.2,15.65,36.71,133.44,65.76,8.5,0,3,0,6,4422.938,4243.258
2019-06-14,4319.801,15.88,42.15,145.2,54.0,8.48,0,4,0,6,4503.2,4029.301
2019-06-15,2744.686,15.83,44.919999999999995,129.84,69.36,8.14,1,5,1,6,4319.801,2688.116
2019-06-16,2742.449,18.87,36.22,189.12,10.08,7.56,1,6,1,6,2744.686,2687.074
2019-06-17,4756.964,19.64,34.45,222.95999999999998,0.0,8.48,0,0,0,6,2742.449,4303.4529999999995
2019-06-18,4864.304,20.01,37.13,231.84,0.0,8.29,0,1,0,6,4756.964,4364.644
2019-06-19,4747.577,17.81,60.78,196.79999999999998,2.4000000000000004,5.919999999999999,0,2,0,6,4864.304,4422.938
2019-06-20,4674.442,17.51,61.49,190.8,8.399999999999999,5.56,0,3,0,6,4747.577,4503.2
2019-06-21,4306.353,17.0,61.6,180.0,19.200000000000003,7.239999999999999,0,4,0,6,4674.442,4319.801
2019-06-22,2807.765,20.45,45.31,243.84,0.0,7.28,1,5,1,6,4306.353,2744.686
2019-06-23,2846.939,21.91,37.58,300.48,0.0,5.88,1,6,1,6,2807.765,2742.449
2019-06-24,4653.585,19.19,67.12,251.04000000000002,0.0,5.39,0,0,0,6,2846.939,4756.964
2019-06-25,4873.727,21.86,52.79,276.96,0.0,6.34,0,1,0,6,4653.585,4864.304
2019-06-26,5310.103,25.56,40.62,360.24,0.0,8.06,0,2,0,6,4873.727,4747.577
2019-06-27,5213.449,27.28,35.08,414.0,0.0,7.98,0,3,0,6,5310.103,4674.442
2019-06-28,5504.808,28.149999999999995,29.850000000000005,436.56000000000006,0.0,8.2,0,4,0,6,5213.449,4306.353
2019-06-29,3142.401,27.37,31.429999999999996,419.76,0.0,8.23,1,5,1,6,5504.808,2807.765
2019-06-30,3117.803,26.62,34.44,396.72,0.0,7.7,1,6,1,6,3142.401,2846.939
2019-07-01,5350.916,23.679999999999996,46.45000000000001,348.48,0.0,6.5,1,0,0,7,3117.803,4653.585
2019-07-02,5303.6359999999995,23.540000000000003,44.53,331.20000000000005,0.0,8.22,1,1,0,7,5350.916,4873.727
2019-07-03,5269.811,24.540000000000003,50.06,338.15999999999997,0.0,6.02,1,2,0,7,5303.6359999999995,5310.103
2019-07-04,4967.656,25.040000000000003,41.68,367.44,0.0,5.88,1,3,0,7,5269.811,5213.449
2019-07-05,4949.249,24.37,35.6,349.20000000000005,0.0,8.37,1,4,0,7,4967.656,5504.808
2019-07-06,3023.513,23.14,36.45,313.44,0.0,8.36,1,5,1,7,4949.249,3142.401
2019-07-07,3001.101,23.01,41.6,309.36,0.0,8.34,1,6,1,7,3023.513,3117.803
2019-07-08,5028.282,21.49,55.85,282.24,0.0,6.78,1,0,0,7,3001.101,5350.916
2019-07-09,4835.792,19.78,58.77,254.88,0.0,6.09,1,1,0,7,5028.282,5303.6359999999995
2019-07-10,4353.164,21.5,46.53,260.64,0.0,8.3,1,2,0,7,4835.792,5269.811
2019-07-11,5054.064,25.63,34.92,354.71999999999997,0.0,8.25,1,3,0,7,4353.164,4967.656
2019-07-12,5778.911,27.45,33.15,407.28,0.0,7.169999999999999,1,4,0,7,5054.064,4949.249
2019-07-13,3066.4339999999997,25.22,45.29,407.28,0.0,5.06,1,5,1,7,5778.911,3023.513
2019-07-14,3021.075,22.33,55.29999999999999,307.20000000000005,0.0,8.11,1,6,1,7,3066.4339999999997,3001.101
2019-07-15,5361.365,21.87,43.10999999999999,286.32,0.0,8.18,1,0,0,7,3021.075,5028.282
2019-07-16,5490.383,22.83,40.29,310.56,0.0,6.52,1,1,0,7,5361.365,4835.792
2019-07-17,5422.504,22.55,50.93,312.0,0.0,7.97,1,2,0,7,5490.383,4353.164
2019-07-18,5545.395,22.63,45.79,306.0,0.0,8.02,1,3,0,7,5422.504,5054.064
2019-07-19,5730.892,25.070000000000004,37.95,349.92,0.0,7.79,1,4,0,7,5545.395,5778.911
2019-07-20,3047.883,25.3,37.68,371.04,0.0,7.989999999999999,1,5,1,7,5730.892,3066.4339999999997
2019-07-21,3000.3250000000003,25.83,41.59,379.44,0.0,7.919999999999999,1,6,1,7,3047.883,3021.075
2019-07-22,6210.612,28.070000000000004,35.99,427.91999999999996,0.0,6.79,1,0,0,7,3000.3250000000003,5361.365
2019-07-23,6154.394,28.48,32.57,445.91999999999996,0.0,7.29,1,1,0,7,6210.612,5490.383
2019-07-24,5665.67,28.0,35.08,430.08000000000004,0.0,7.53,1,2,0,7,6154.394,5422.504
2019-07-25,6210.948,26.23,33.82,392.64,0.0,7.400000000000001,1,3,0,7,5665.67,5545.395
2019-07-26,5659.135,21.850000000000005,50.12,285.12,0.0,7.330000000000001,1,4,0,7,6210.948,5730.892
2019-07-27,2897.512,18.19,57.419999999999995,205.20000000000002,0.0,4.42,1,5,1,7,5659.135,3047.883
2019-07-28,2910.5860000000002,18.98,43.22,210.48,0.0,7.86,1,6,1,7,2897.512,3000.3250000000003
2019-07-29,5323.07,20.07,38.28,246.0,0.0,7.79,1,0,0,7,2910.5860000000002,6210.612
2019-07-30,4810.994,18.21,45.29999999999999,204.24,0.0,7.830000000000001,1,1,0,7,5323.07,6154.394
2019-07-31,4447.9220000000005,19.02,51.74,212.64,0.0,6.88,1,2,0,7,4810.994,5665.67
2019-08-01,2613.077,21.7,48.080000000000005,285.12,0.0,7.7,1,3,0,8,4447.9220000000005,6210.948
2019-08-02,1583.5825,23.05,44.23,312.96,0.0,7.71,1,4,0,8,2613.077,5659.135
2019-08-03,1718.815,24.929999999999996,36.83,351.12,0.0,7.669999999999999,1,5,1,8,1583.5825,2897.512
2019-08-04,1768.557,24.5,41.98,350.64,0.0,7.61,1,6,1,8,1718.815,2910.5860000000002
2019-08-05,1991.894,24.52,39.02,342.96,0.0,7.510000000000001,1,0,0,8,1768.557,5323.07
2019-08-06,2305.028,24.27,41.59,342.24,0.0,6.53,1,1,0,8,1991.894,4810.994
2019-08-07,2358.641,22.77,48.95000000000001,303.12,0.0,3.6300000000000003,1,2,0,8,2305.028,4447.9220000000005
2019-08-08,2518.533,24.61,49.97,349.68,0.0,5.89,1,3,0,8,2358.641,2613.077
2019-08-09,2279.191,22.23,52.0,291.12,0.0,5.19,1,4,0,8,2518.533,1583.5825
2019-08-10,2203.791,20.3,38.15,244.07999999999998,0.0,7.43,1,5,1,8,2279.191,1718.815
2019-08-11,2204.823,19.18,47.14000000000001,227.28000000000003,0.0,5.94,1,6,1,8,2203.791,1768.557
2019-08-12,2284.051,17.05,46.95000000000001,176.88,22.32,7.39,1,0,0,8,2204.823,1991.894
2019-08-13,2316.6440000000002,18.57,41.01,196.07999999999998,3.12,7.45,1,1,0,8,2284.051,2305.028
2019-08-14,2340.549,23.11,34.75,301.20000000000005,0.0,7.19,1,2,0,8,2316.6440000000002,2358.641
2019-08-15,2286.778,22.87,46.81,312.0,0.0,7.169999999999999,1,3,0,8,2340.549,2518.533
2019-08-16,2311.138,24.08,35.73,330.71999999999997,0.0,7.16,1,4,0,8,2286.778,2279.191
2019-08-17,2307.62,24.27,31.179999999999996,344.4,0.0,7.27,1,5,1,8,2311.138,2203.791
2019-08-18,2316.141,21.899999999999995,48.72,289.44,0.0,6.36,1,6,1,8,2307.62,2204.823
2019-08-19,4213.767,18.8,56.99,224.16,0.0,4.88,1,0,0,8,2316.141,2284.051
2019-08-20,4058.049,18.85,54.62,225.60000000000002,0.0,7.02,1,1,0,8,4213.767,2316.6440000000002
2019-08-21,4235.859,20.64,51.16,270.96,0.0,5.919999999999999,1,2,0,8,4058.049,2340.549
2019-08-22,4435.863,21.15,37.3,272.88,0.0,7.09,1,3,0,8,4235.859,2286.778
2019-08-23,4574.066,24.26,28.77,331.68,0.0,6.97,1,4,0,8,4435.863,2311.138
2019-08-24,2372.697,25.59,29.73,371.52,0.0,6.54,1,5,1,8,4574.066,2307.62
2019-08-25,2400.026,25.22,35.02,373.68,0.0,4.04,1,6,1,8,2372.697,2316.141
2019-08-26,4438.582,21.8,55.9,294.0,0.0,5.47,1,0,0,8,2400.026,4213.767
2019-08-27,4419.293,21.0,54.54,263.52,0.0,6.63,1,1,0,8,4438.582,4058.049
2019-08-28,4735.665,23.070000000000004,45.24,302.64,0.0,6.54,1,2,0,8,4419.293,4235.859
2019-08-29,4130.36,24.27,41.37,346.56,0.0,6.52,1,3,0,8,4735.665,4435.863
2019-08-30,4312.312,24.429999999999996,39.66,340.56,0.0,5.989999999999999,1,4,0,8,4130.36,4574.066
2019-08-31,2821.243,24.47,39.53,349.44,0.0,6.3,1,5,1,8,4312.312,2372.697
2019-09-01,2781.132,19.97,61.830000000000005,256.08,0.0,4.72,1,6,1,9,2821.243,2400.026
2019-09-02,4561.606,18.39,49.56,226.56,0.0,6.47,1,0,0,9,2781.132,4438.582
2019-09-03,4817.02,19.05,42.28,227.04000000000002,0.0,6.5,1,1,0,9,4561.606,4419.293
2019-09-04,4553.485,20.35,38.79,274.08,0.0,6.46,1,2,0,9,4817.02,4735.665
2019-09-05,4591.229,15.75,55.52,152.64000000000001,46.56,6.47,1,3,0,9,4553.485,4130.36
2019-09-06,4248.707,14.96,51.59,144.48,54.72,6.38,1,4,0,9,4591.229,4312.312
2019-09-07,2531.134,15.57,47.16,146.88,52.32000000000001,6.37,1,5,1,9,4248.707,2821.243
2019-09-08,2442.522,17.0,49.51,188.64000000000001,10.56,6.22,1,6,1,9,2531.134,2781.132
2019-09-09,2729.8559999999998,17.01,41.47,184.56,14.64,5.26,0,0,0,9,2442.522,4561.606
2019-09-10,3925.456,13.08,64.54,73.44,125.76,3.8699999999999997,0,1,0,9,2729.8559999999998,4817.02
2019-09-11,3996.005,15.4,59.38,144.0,55.199999999999996,4.8999999999999995,0,2,0,9,3925.456,4553.485
2019-09-12,4308.139,18.57,50.6,210.48,0.0,5.93,0,3,0,9,3996.005,4591.229
2019-09-13,4206.084,18.21,53.10999999999999,225.12,0.0,3.1,0,4,0,9,4308.139,4248.707
2019-09-14,2530.507,18.47,60.9,208.07999999999998,0.0,4.2,1,5,1,9,4206.084,2531.134
2019-09-15,2516.513,17.59,74.42,209.04000000000002,0.0,2.13,1,6,1,9,2530.507,2442.522
2019-09-16,4413.237,19.12,66.41,227.76,0.0,4.16,0,0,0,9,2516.513,2729.8559999999998
2019-09-17,4606.887,19.83,60.78,252.48,0.0,5.52,0,1,0,9,4413.237,3925.456
2019-09-18,4485.409,18.5,69.85,215.04000000000002,0.0,5.5249999999999995,0,2,0,9,4606.887,3996.005
2019-09-19,4522.132,18.8,63.03,220.32,0.0,5.53,0,3,0,9,4485.409,4308.139
2019-09-20,3029.63,19.27,63.07,247.20000000000002,0.0,4.79,0,4,0,9,4522.132,4206.084
2019-09-21,2493.62,16.66,73.49,157.68,41.519999999999996,2.11,1,5,1,9,3029.63,2530.507
2019-09-22,2427.818,14.53,69.16,128.39999999999998,70.80000000000001,4.18,1,6,1,9,2493.62,2516.513
2019-09-23,3012.941,14.78,62.46,124.08,75.12,4.5,0,0,0,9,2427.818,4413.237
2019-09-24,3123.542,16.12,69.37,164.39999999999998,34.8,3.09,0,1,0,9,3012.941,4606.887
2019-09-25,3088.217,14.46,66.08,99.84,99.35999999999999,4.79,0,2,0,9,3123.542,4485.409
2019-09-26,3100.281,16.6,55.330000000000005,181.68,17.52,5.2,0,3,0,9,3088.217,4522.132
2019-09-27,2970.7110000000002,16.05,54.01,160.8,38.400000000000006,5.28,0,4,0,9,3100.281,3029.63
2019-09-28,2498.059,16.93,51.44,176.16,23.04,5.22,1,5,1,9,2970.7110000000002,2493.62
2019-09-29,2458.383,16.98,46.79999999999999,178.56,20.64,5.15,1,6,1,9,2498.059,2427.818
2019-09-30,3094.696,18.69,59.68,239.04000000000002,0.0,5.0,0,0,0,9,2458.383,3012.941
2019-10-01,3138.41,16.4,63.89000000000001,176.64000000000001,22.56,4.38,0,1,0,10,3094.696,3123.542
2019-10-02,3053.411,13.24,65.21,86.4,112.80000000000001,4.93,0,2,0,10,3138.41,3088.217
2019-10-03,3042.478,15.58,54.81,155.28,43.92,4.9,0,3,0,10,3053.411,3100.281
2019-10-04,3098.06,16.87,64.9,177.12,22.080000000000002,4.76,0,4,0,10,3042.478,2970.7110000000002
2019-10-05,2671.68,16.91,57.080000000000005,179.28,19.919999999999998,4.85,1,5,1,10,3098.06,2498.059
2019-10-06,2602.639,14.9,65.77,128.39999999999998,70.80000000000001,4.21,1,6,1,10,2671.68,2458.383
2019-10-07,3299.913,17.03,49.41,187.44,11.76,4.69,0,0,0,10,2602.639,3094.696
2019-10-08,3461.751,18.91,49.99,231.84,0.0,4.52,0,1,0,10,3299.913,3138.41
2019-10-09,3435.617,14.589999999999998,62.82,128.64000000000001,70.56,4.46,0,2,0,10,3461.751,3053.411
2019-10-10,3417.804,14.51,58.25,127.68,71.52,4.5,0,3,0,10,3435.617,3042.478
2019-10-11,3141.385,18.62,51.830000000000005,216.95999999999998,0.0,4.09,0,4,0,10,3417.804,3098.06
2019-10-12,2662.043,20.12,50.51,267.84000000000003,0.0,2.99,1,5,1,10,3141.385,2671.68
2019-10-13,2644.805,16.7,53.44,178.07999999999998,21.12,4.36,1,6,1,10,2662.043,2602.639
2019-10-14,3355.186,12.479999999999999,67.54,41.28,157.92000000000002,2.59,0,0,0,10,2644.805,3299.913
2019-10-15,3585.214,9.91,70.57,9.36,189.84,3.31,0,1,0,10,3355.186,3461.751
2019-10-16,3864.726,12.22,65.89,77.03999999999999,122.16,3.73,0,2,0,10,3585.214,3435.617
2019-10-17,4299.975,14.33,75.12,131.04,68.16,2.93,0,3,0,10,3864.726,3417.804
2019-10-18,4109.679,12.06,77.66,80.16,119.03999999999999,2.72,0,4,0,10,4299.975,3141.385
2019-10-19,2978.343,11.96,80.76,62.64,136.56,2.3,1,5,1,10,4109.679,2662.043
2019-10-20,2955.688,7.400000000000001,81.23,0.0,262.79999999999995,1.8099999999999998,1,6,1,10,2978.343,2644.805
2019-10-21,4859.2519999999995,7.43,71.84,0.0,247.68,3.3699999999999997,0,0,0,10,2955.688,3355.186
2019-10-22,4808.499,6.69,85.05,0.0,266.64,1.41,0,1,0,10,4859.2519999999995,3585.214
2019-10-23,4817.589,6.87,91.3,0.0,271.92,1.31,0,2,0,10,4808.499,3864.726
2019-10-24,4811.897,8.27,90.06,0.0,213.36,2.67,0,3,0,10,4817.589,4299.975
2019-10-25,4556.669,11.57,74.61,72.24,126.96000000000001,3.75,0,4,0,10,4811.897,4109.679
2019-10-26,2983.749,12.53,61.81,90.96000000000001,108.24,3.78,1,5,1,10,4556.669,2978.343
2019-10-27,3137.848,12.19,65.46,68.5,139.0,1.59,1,6,1,10,2983.749,2955.688
2019-10-28,4612.286,14.13,73.11,129.60000000000002,69.6,3.3800000000000003,0,0,0,10,3137.848,4859.2519999999995
2019-10-29,4705.753,13.07,83.26,99.84,99.35999999999999,2.56,0,1,0,10,4612.286,4808.499
2019-10-30,4530.694,12.83,94.46,66.24,132.96,1.09,0,2,0,10,4705.753,4817.589
2019-10-31,4081.0969999999998,14.26,83.2,117.84,81.36,2.74,1,3,0,10,4530.694,4811.897
2019-11-01,3325.294,15.42,86.2,150.96,48.239999999999995,1.28,1,4,0,11,4081.0969999999998,4556.669
2019-11-02,2673.764,12.67,84.66,81.12,118.08,1.6499999999999997,1,5,1,11,3325.294,2983.749
2019-11-03,2660.777,11.14,74.26,29.759999999999998,169.44,2.7900000000000005,1,6,1,11,2673.764,3137.848
2019-11-04,4235.438,10.55,85.28,0.0,200.64,1.4400000000000002,0,0,0,11,2660.777,4612.286
2019-11-05,4769.576,8.08,79.59,0.0,221.28000000000003,2.26,0,1,0,11,4235.438,4705.753
2019-11-06,4943.378,8.41,80.08,0.0,218.64,2.44,0,2,0,11,4769.576,4530.694
2019-11-07,5187.051,6.12,78.68,0.0,294.0,2.77,0,3,0,11,4943.378,4081.0969999999998
2019-11-08,5244.646,4.86,79.93,0.0,295.68,2.64,0,4,0,11,5187.051,3325.294
2019-11-09,2967.945,4.65,93.83,0.0,310.79999999999995,1.2,1,5,1,11,5244.646,2673.764
2019-11-10,3023.214,3.9599999999999995,89.45,0.0,329.28000000000003,1.3500000000000003,1,6,1,11,2967.945,2660.777
2019-11-11,5417.503,4.73,85.78000000000002,0.0,301.44,1.6000000000000003,0,0,0,11,3023.214,4235.438
2019-11-12,5539.614,4.54,90.52,0.0,320.15999999999997,2.0,0,1,0,11,5417.503,4769.576
2019-11-13,5241.8369999999995,9.09,80.55,0.0,210.24,2.82,0,2,0,11,5539.614,4943.378
2019-11-14,5563.333,4.35,84.59,0.0,342.96,1.87,0,3,0,11,5241.8369999999995,5187.051
2019-11-15,4484.614,3.25,84.77,0.0,344.88,2.43,0,4,0,11,5563.333,5244.646
2019-11-16,3254.918,2.57,84.58,0.0,348.48,2.16,1,5,1,11,4484.614,2967.945
2019-11-17,3254.697,4.55,88.96,0.0,300.0,1.18,1,6,1,11,3254.918,3023.214
2019-11-18,5728.739,3.57,85.73,0.0,328.79999999999995,2.11,0,0,0,11,3254.697,5417.503
2019-11-19,5777.214,2.64,86.34999999999998,0.0,359.28000000000003,1.9400000000000002,0,1,0,11,5728.739,5539.614
2019-11-20,5728.359,3.4500000000000006,90.02,0.0,343.44,1.05,0,2,0,11,5777.214,5241.8369999999995
2019-11-21,5682.041,4.97,91.62,0.0,297.12,1.93,0,3,0,11,5728.359,5563.333
2019-11-22,5421.682,7.69,88.8,0.0,230.64,1.01,0,4,0,11,5682.041,4484.614
2019-11-23,3262.592,5.64,81.2,0.0,294.0,2.31,1,5,1,11,5421.682,3254.918
2019-11-24,3308.305,6.2,88.8,0.0,290.4,1.55,1,6,1,11,3262.592,3254.697
2019-11-25,5569.257,9.79,91.13,10.56,188.64000000000001,1.54,0,0,0,11,3308.305,5728.739
2019-11-26,5607.01,10.58,90.38,28.32,170.88,1.57,0,1,0,11,5569.257,5777.214
2019-11-27,5597.563,8.25,88.2,0.0,229.92000000000002,1.21,0,2,0,11,5607.01,5728.359
2019-11-28,5464.284,9.66,90.83,9.84,189.35999999999999,0.77,0,3,0,11,5597.563,5682.041
2019-11-29,4935.293,10.699999999999998,93.64,41.519999999999996,157.68,1.66,0,4,0,11,5464.284,5421.682
2019-11-30,3057.099,9.29,92.08,0.0,230.88,1.29,1,5,1,11,4935.293,3262.592
2019-12-01,3024.329,4.75,92.31,0.0,318.0,0.93,1,6,1,12,3057.099,3308.305
2019-12-02,5480.901,4.94,84.28,0.0,313.68,2.2,0,0,0,12,3024.329,5569.257
2019-12-03,5552.407999999999,1.88,76.79,0.0,370.08,2.35,0,1,0,12,5480.901,5607.01
2019-12-04,5385.214,2.7099999999999995,86.62,0.0,337.92,1.63,0,2,0,12,5552.407999999999,5597.563
2019-12-05,3422.9900000000002,5.54,89.26,0.0,280.79999999999995,2.14,1,3,0,12,5385.214,5464.284
2019-12-06,3300.5950000000003,4.82,87.52,0.0,293.28000000000003,2.29,1,4,0,12,3422.9900000000002,4935.293
2019-12-07,2985.31,4.4,88.84999999999998,0.0,305.28000000000003,2.18,1,5,1,12,3300.5950000000003,3057.099
2019-12-08,2994.535,4.56,100.0,0.0,332.4,0.56,1,6,1,12,2985.31,3024.329
2019-12-09,3341.93,3.6199999999999997,91.8,0.0,339.12,1.74,1,0,0,12,2994.535,5480.901
2019-12-10,5951.75,3.28,86.68,0.0,324.71999999999997,2.07,0,1,0,12,3341.93,5552.407999999999
2019-12-11,5676.806,4.07,82.76,0.0,316.32,2.03,0,2,0,12,5951.75,5385.214
2019-12-12,5493.352,6.12,94.88,0.0,299.76,0.4000000000000001,0,3,0,12,5676.806,3422.9900000000002
2019-12-13,5131.743,9.72,88.11,0.0,205.44,1.46,0,4,0,12,5493.352,3300.5950000000003
2019-12-14,3005.215,7.919999999999999,88.65000000000002,0.0,225.12,1.04,1,5,1,12,5131.743,2985.31
2019-12-15,2915.4,8.08,85.88,0.0,223.44,1.55,1,6,1,12,3005.215,2994.535
2019-12-16,4726.652,8.35,82.89,0.0,220.56,0.89,0,0,0,12,2915.4,3341.93
2019-12-17,5355.225,4.61,89.14,0.0,361.20000000000005,0.9,0,1,0,12,4726.652,5951.75
2019-12-18,5518.246999999999,4.41,87.05,0.0,331.44,1.53,0,2,0,12,5355.225,5676.806
2019-12-19,5366.354,10.33,85.5,0.0,208.56,0.66,0,3,0,12,5518.246999999999,5493.352
2019-12-20,5078.867,8.98,89.96999999999998,0.0,230.64,0.89,0,4,0,12,5366.354,5131.743
2019-12-21,2962.65,9.75,84.81,12.24,186.96,1.64,1,5,1,12,5078.867,3005.215
2019-12-22,2888.353,7.38,88.33999999999999,0.0,260.64,0.9499999999999998,1,6,1,12,2962.65,2915.4
2019-12-23,3023.182,6.169999999999999,88.03000000000002,0.0,271.68,1.42,1,0,0,12,2888.353,4726.652
2019-12-24,2998.527,9.26,93.51,17.759999999999998,181.44,1.86,1,1,0,12,3023.182,5355.225
2019-12-25,2943.011,8.09,86.96,0.0,219.12,1.76,1,2,0,12,2998.527,5518.246999999999
2019-12-26,2998.957,4.96,91.04,0.0,315.12,1.84,1,3,0,12,2943.011,5366.354
2019-12-27,3060.429,3.67,78.2,0.0,309.36,1.34,1,4,0,12,2998.957,5078.867
2019-12-28,3320.831,6.2,58.47,0.0,261.84000000000003,2.05,1,5,1,12,3060.429,2962.65
2019-12-29,3283.902,6.29,62.87,0.0,256.08,2.29,1,6,1,12,3320.831,2888.353
2019-12-30,3100.002,6.010000000000001,58.70000000000001,0.0,274.08,2.17,1,0,0,12,3283.902,3023.182
2019-12-31,3671.2690000000002,4.15,69.45,0.0,317.04,2.21,1,1,0,12,3100.002,2998.527
2020-01-01,4038.639,3.8800000000000003,69.35,0.0,324.71999999999997,2.14,1,2,0,1,3671.2690000000002,2943.011
2020-01-02,4420.303,3.39,81.93,0.0,316.79999999999995,2.15,0,3,0,1,4038.639,2998.957
2020-01-03,4601.734,2.78,96.46999999999998,0.0,356.64,1.09,0,4,0,1,4420.303,3060.429
2020-01-04,2985.099,3.02,91.40000000000002,0.0,323.52,1.31,0,5,1,1,4601.734,3320.831
2020-01-05,3598.786,3.75,75.62,0.0,317.76,1.18,0,6,1,1,2985.099,3283.902
2020-01-06,4295.99,3.4500000000000006,74.97,0.0,317.28000000000003,1.74,0,0,0,1,3598.786,3100.002
2020-01-07,5391.404,4.0,72.34,0.0,312.0,1.8099999999999998,0,1,0,1,4295.99,3671.2690000000002
2020-01-08,6203.708,5.59,70.73,0.0,288.71999999999997,2.24,0,2,0,1,5391.404,4038.639
2020-01-09,5524.36,4.72,92.90000000000002,0.0,312.0,1.61,0,3,0,1,6203.708,4420.303
2020-01-10,5469.301,2.22,88.67,0.0,349.92,2.31,0,4,0,1,5524.36,4601.734
2020-01-11,3397.221,2.32,79.03,0.0,354.24,1.5200000000000002,0,5,1,1,5469.301,2985.099
2020-01-12,3904.495,1.83,75.39,0.0,372.24,2.18,0,6,1,1,3397.221,3598.786
2020-01-13,6521.7210000000005,0.86,77.03,0.0,378.96,1.86,0,0,0,1,3904.495,4295.99
2020-01-14,5901.638,2.82,87.87,0.0,356.88,1.97,0,1,0,1,6521.7210000000005,5391.404
2020-01-15,5813.578,5.77,93.96,0.0,290.15999999999997,1.3,0,2,0,1,5901.638,6203.708
2020-01-16,5521.372,7.09,79.21,0.0,232.56,2.41,0,3,0,1,5813.578,5524.36
2020-01-17,5277.247,5.47,83.27,0.0,290.4,1.92,0,4,0,1,5521.372,5469.301
2020-01-18,3234.815,4.96,94.76,0.0,306.48,1.21,0,5,1,1,5277.247,3397.221
2020-01-19,3149.02,2.67,75.86,0.0,362.64,2.66,0,6,1,1,3234.815,3904.495
2020-01-20,5912.062,0.21,70.07,0.0,410.15999999999997,1.72,0,0,0,1,3149.02,6521.7210000000005
2020-01-21,5862.064,1.58,84.51,0.0,386.15999999999997,1.19,0,1,0,1,5912.062,5901.638
2020-01-22,5397.71,3.75,85.39,0.0,335.76,2.23,0,2,0,1,5862.064,5813.578
2020-01-23,5414.156,2.67,85.41000000000001,0.0,341.28000000000003,2.42,0,3,0,1,5397.71,5521.372
2020-01-24,4992.316,3.7000000000000006,94.18,0.0,337.44,0.9700000000000001,0,4,0,1,5414.156,5277.247
2020-01-25,2695.601,3.78,92.90000000000002,0.0,342.48,1.7,0,5,1,1,4992.316,3234.815
2020-01-26,2649.009,1.55,96.19,0.0,377.52,1.83,0,6,1,1,2695.601,3149.02
2020-01-27,2722.907,5.52,93.26,0.0,310.79999999999995,1.41,0,0,0,1,2649.009,5912.062
2020-01-28,5346.054,8.15,95.06,0.0,237.36,1.07,0,1,0,1,2722.907,5862.064
2020-01-29,5203.553,8.59,93.08999999999999,0.0,227.76,1.34,0,2,0,1,5346.054,5397.71
2020-01-30,5190.427,8.01,89.71999999999998,0.0,238.79999999999998,1.33,0,3,0,1,5203.553,5414.156
2020-01-31,5001.54,9.57,91.88,4.32,194.88,1.57,0,4,0,1,5190.427,4992.316
2020-02-01,2903.647,11.42,88.73,60.96,138.24,1.93,0,5,1,2,5001.54,2695.601
2020-02-02,2837.981,10.81,90.96,57.84,141.35999999999999,2.82,0,6,1,2,2903.647,2649.009
2020-02-03,5034.134,9.9,81.34,50.400000000000006,148.8,3.22,0,0,0,2,2837.981,2722.907
2020-02-04,5114.674,7.89,86.45,0.0,221.04000000000002,2.81,0,1,0,2,5034.134,5346.054
2020-02-05,5473.4130000000005,4.46,69.41,0.0,294.24,3.43,0,2,0,2,5114.674,5203.553
2020-02-06,5380.9039999999995,6.52,79.75,0.0,257.04,3.36,0,3,0,2,5473.4130000000005,5190.427
2020-02-07,5087.929,6.84,87.73,0.0,248.64,2.43,0,4,0,2,5380.9039999999995,5001.54
2020-02-08,2950.756,6.81,89.52,0.0,254.39999999999998,1.9400000000000002,0,5,1,2,5087.929,2903.647
2020-02-09,2907.509,8.54,83.29,0.0,214.79999999999998,1.72,0,6,1,2,2950.756,2837.981
2020-02-10,5168.607,9.62,88.46,13.68,185.52,1.47,0,0,0,2,2907.509,5034.134
2020-02-11,5212.1,8.41,86.77,0.0,235.92000000000002,2.6,0,1,0,2,5168.607,5114.674
2020-02-12,5089.358,7.94,88.71,0.0,214.79999999999998,2.97,0,2,0,2,5212.1,5473.4130000000005
2020-02-13,5380.527,8.41,90.87,0.0,215.52,1.83,0,3,0,2,5089.358,5380.9039999999995
2020-02-14,5446.557,8.49,78.3,0.0,203.76,3.0499999999999994,0,4,0,2,5380.527,5087.929
2020-02-15,3277.228,6.81,86.06,0.0,238.32,3.09,0,5,1,2,5446.557,2950.756
2020-02-16,3153.528,8.74,81.85,0.0,211.92000000000002,3.74,0,6,1,2,3277.228,2907.509
2020-02-17,5412.247,8.39,79.34,0.0,255.36,1.88,0,0,0,2,3153.528,5168.607
2020-02-18,5314.734,4.23,74.16,0.0,310.08,3.7099999999999995,0,1,0,2,5412.247,5212.1
2020-02-19,5511.027,4.91,63.79999999999999,0.0,299.52,4.1,0,2,0,2,5314.734,5089.358
2020-02-20,5444.956,5.900000000000001,70.21,0.0,270.48,4.21,0,3,0,2,5511.027,5380.527
2020-02-21,4883.144,8.06,62.99,0.0,210.24,4.28,0,4,0,2,5444.956,5446.557
2020-02-22,2894.064,10.12,47.87,24.48,174.72,4.28,0,5,1,2,4883.144,3277.228
2020-02-23,2854.895,10.35,48.43,35.04,164.16,4.44,0,6,1,2,2894.064,3153.528
2020-02-24,5033.552,9.66,54.12,45.599999999999994,153.60000000000002,4.38,0,0,0,2,2854.895,5412.247
2020-02-25,5203.9310000000005,7.62,79.63,0.0,232.07999999999998,2.75,0,1,0,2,5033.552,5314.734
2020-02-26,5042.009,5.64,75.51,0.0,280.32,4.31,0,2,0,2,5203.9310000000005,5511.027
2020-02-27,4970.286,7.18,74.04,0.0,234.48,4.0,0,3,0,2,5042.009,5444.956
2020-02-28,4714.692,8.26,70.29,3.84,195.36,4.34,0,4,0,2,4970.286,4883.144
2020-02-29,2904.078,8.19,77.48,0.0,213.84,2.36,0,5,1,2,4714.692,2894.064
2020-03-01,2829.443,9.15,79.96,0.0,214.79999999999998,3.2999999999999994,0,6,1,3,2904.078,2854.895
2020-03-02,5194.099,6.91,70.55,0.0,292.08,3.65,0,0,0,3,2829.443,5033.552
2020-03-03,5156.838,8.31,86.39,0.0,225.60000000000002,2.84,0,1,0,3,5194.099,5203.9310000000005
2020-03-04,4886.466,10.92,82.07,43.2,156.0,2.17,0,2,0,3,5156.838,5042.009
2020-03-05,4903.318,9.16,75.84,0.0,242.39999999999998,3.66,0,3,0,3,4886.466,4970.286
2020-03-06,4917.609,5.09,68.42,0.0,315.36,3.1199999999999997,0,4,0,3,4903.318,4714.692
2020-03-07,2961.91,5.97,75.79,0.0,273.84000000000003,4.38,0,5,1,3,4917.609,2904.078
2020-03-08,2909.0,5.21,90.15000000000002,0.0,305.52,3.42,0,6,1,3,2961.91,2829.443
2020-03-09,5086.75,7.43,70.64,0.0,247.92000000000002,4.78,0,0,0,3,2909.0,5194.099
2020-03-10,4985.874,9.61,72.85,17.759999999999998,181.44,4.28,0,1,0,3,5086.75,5156.838
2020-03-11,4874.589,12.4,68.52,80.88,118.32,5.0,0,2,0,3,4985.874,4886.466
2020-03-12,4806.925,12.949999999999998,72.3,84.0,115.19999999999999,3.64,0,3,0,3,4874.589,4903.318
2020-03-13,4571.977,9.34,77.01,1.6800000000000002,197.52,4.69,0,4,0,3,4806.925,4917.609
2020-03-14,2959.424,9.63,57.6,18.96,180.24,5.400000000000001,0,5,1,3,4571.977,2961.91
2020-03-15,2936.895,9.35,66.44,9.120000000000001,190.07999999999998,4.92,0,6,1,3,2959.424,2909.0
2020-03-16,3572.409,3.97,82.62,0.0,327.36,1.49,0,0,0,3,2936.895,5086.75
2020-03-17,3049.951,8.91,80.46,0.0,201.84,3.36,0,1,0,3,3572.409,4985.874
2020-03-18,2950.808,10.75,75.77,45.599999999999994,153.60000000000002,4.5,0,2,0,3,3049.951,4874.589
2020-03-19,2583.382,10.81,72.19,31.200000000000003,168.0,2.86,0,3,0,3,2950.808,4806.925
2020-03-20,2466.502,9.33,79.59,0.0,210.0,3.8699999999999997,1,4,0,3,2583.382,4571.977
2020-03-21,2316.694,8.77,80.18,0.0,222.24,3.43,0,5,1,3,2466.502,2959.424
2020-03-22,2222.787,9.39,76.27,3.3600000000000003,195.84,3.81,0,6,1,3,2316.694,2936.895
2020-03-23,2335.13,8.64,76.21,0.0,214.07999999999998,4.15,0,0,0,3,2222.787,3572.409
2020-03-24,2334.466,9.77,70.83,17.28,181.92000000000002,5.28,0,1,0,3,2335.13,3049.951
2020-03-25,2335.649,8.99,61.72,0.0,212.16,5.81,0,2,0,3,2334.466,2950.808
2020-03-26,2314.564,5.13,63.69,0.0,291.6,6.02,0,3,0,3,2335.649,2583.382
2020-03-27,2491.4809999999998,4.64,58.22,0.0,315.84000000000003,6.07,0,4,0,3,2314.564,2466.502
2020-03-28,2137.088,7.099999999999999,58.22,0.0,261.84000000000003,6.16,0,5,1,3,2491.4809999999998,2316.694
2020-03-29,2005.815,8.05,63.39,0.0,217.11999999999998,6.01,0,6,1,3,2137.088,2222.787
2020-03-30,2142.468,3.09,60.419999999999995,0.0,355.92,2.75,0,0,0,3,2005.815,2335.13
2020-03-31,2682.576,3.59,85.77,0.0,357.12,2.9500000000000006,0,1,0,3,2142.468,2334.466
2020-04-01,2182.074,6.46,70.79,0.0,259.44,3.24,0,2,0,4,2682.576,2335.649
2020-04-02,2347.989,7.099999999999999,75.74,0.0,259.92,3.02,0,3,0,4,2182.074,2314.564
2020-04-03,2186.004,6.98,62.74,0.0,260.4,6.61,0,4,0,4,2347.989,2491.4809999999998
2020-04-04,2130.045,10.03,56.01,0.0,203.76,6.12,0,5,1,4,2186.004,2137.088
2020-04-05,2109.831,11.5,76.86,50.64,148.56,5.27,0,6,1,4,2130.045,2005.815
2020-04-06,2156.736,11.69,82.58,63.36,135.84,3.5,0,0,0,4,2109.831,2142.468
2020-04-07,2149.2690000000002,13.26,76.46,84.48,114.72,5.59,0,1,0,4,2156.736,2682.576
2020-04-08,2154.087,14.53,72.22,103.92,95.28,5.37,0,2,0,4,2149.2690000000002,2182.074
2020-04-09,2147.03,13.089999999999998,84.9,85.92,113.28,2.66,1,3,0,4,2154.087,2347.989
2020-04-10,2155.5480000000002,12.79,81.66,78.48,120.72,4.79,1,4,0,4,2147.03,2186.004
2020-04-11,2112.757,11.800000000000002,83.57,48.96,150.24,4.69,0,5,1,4,2155.5480000000002,2130.045
2020-04-12,2111.807,12.300000000000002,77.43,68.88,130.32,5.7,1,6,1,4,2112.757,2109.831
2020-04-13,2187.014,11.78,78.82,50.16,149.04,3.74,0,0,0,4,2111.807,2156.736
2020-04-14,2223.604,12.03,75.74,50.64,148.56,4.77,0,1,0,4,2187.014,2149.2690000000002
2020-04-15,2288.794,10.86,83.12,31.92,167.28,2.97,0,2,0,4,2223.604,2154.087
2020-04-16,2236.001,10.76,85.94,20.88,178.32,1.66,0,3,0,4,2288.794,2147.03
2020-04-17,2279.707,11.46,77.96,46.8,152.39999999999998,3.86,0,4,0,4,2236.001,2155.5480000000002
2020-04-18,2144.294,11.31,77.97,41.519999999999996,157.68,4.39,0,5,1,4,2279.707,2112.757
2020-04-19,2124.376,10.34,86.52,8.64,190.56,5.18,0,6,1,4,2144.294,2111.807
2020-04-20,2171.399,10.46,76.14,13.440000000000001,185.76,5.53,0,0,0,4,2124.376,2187.014
2020-04-21,2118.585,10.04,81.46,5.76,193.44,2.6,0,1,0,4,2171.399,2223.604
2020-04-22,2108.568,11.25,73.69,20.4,178.8,4.1,0,2,0,4,2118.585,2288.794
2020-04-23,2074.864,13.72,71.34,81.6,117.60000000000001,4.72,1,3,0,4,2108.568,2236.001
2020-04-24,2074.817,14.699999999999998,70.76,108.96000000000001,90.24,5.98,0,4,0,4,2074.864,2279.707
2020-04-25,2008.4593076923077,13.82,78.2,90.24,108.96000000000001,5.7,0,5,1,4,2074.817,2144.294
2020-04-26,1451.0426923076923,12.32,83.11,64.56,134.64000000000001,4.64,0,6,1,4,2008.4593076923077,2124.376
2020-04-27,1798.246,10.02,77.1,4.800000000000001,194.39999999999998,4.95,0,0,0,4,1451.0426923076923,2171.399
2020-04-28,2049.974,9.56,73.48,7.68,191.52,4.33,0,1,0,4,1798.246,2118.585
2020-04-29,2154.556,10.28,78.55,17.04,182.16,4.77,0,2,0,4,2049.974,2108.568
2020-04-30,2175.177,11.589999999999998,75.59,43.68,155.52,4.15,0,3,0,4,2154.556,2074.864
2020-05-01,1990.9270000000001,14.86,78.49,123.35999999999999,75.84,4.86,1,4,0,5,2175.177,2074.817
2020-05-02,1931.584,15.87,74.0,156.72,42.480000000000004,6.86,0,5,1,5,1990.9270000000001,2008.4593076923077
2020-05-03,1715.068,18.37,61.56,178.56,20.64,7.52,0,6,1,5,1931.584,1451.0426923076923
2020-05-04,1352.416,18.97,60.99,245.76,0.0,4.73,0,0,0,5,1715.068,1798.246
2020-05-05,1879.372,14.68,64.77,135.12,64.08,7.05,0,1,0,5,1352.416,2049.974
2020-05-06,2140.919,15.9,61.48,138.48,60.72,7.29,0,2,0,5,1879.372,2154.556
2020-05-07,2223.462,17.5,70.7,187.68,11.52,6.48,0,3,0,5,2140.919,2175.177
2020-05-08,2234.521222222222,17.71,68.47,191.76,7.4399999999999995,6.62,0,4,0,5,2223.462,1990.9270000000001
2020-05-09,1781.4272777777778,14.83,69.01,115.44,83.76,4.94,0,5,1,5,2234.521222222222,1931.584
2020-05-10,1835.732,11.71,74.26,57.12,142.07999999999998,5.53,0,6,1,5,1781.4272777777778,1715.068
2020-05-11,2087.976,12.65,74.35,66.0,133.2,4.73,0,0,0,5,1835.732,1352.416
2020-05-12,2260.694,11.550000000000002,84.96,43.92,155.28,3.66,0,1,0,5,2087.976,1879.372
2020-05-13,2194.263,12.62,75.83,69.84,129.35999999999999,4.65,0,2,0,5,2260.694,2140.919
2020-05-14,2198.115,11.17,84.59,27.119999999999997,172.07999999999998,2.82,0,3,0,5,2194.263,2223.462
2020-05-15,2185.735,10.56,77.59,31.92,167.28,4.35,0,4,0,5,2198.115,2234.521222222222
2020-05-16,2086.429,10.94,70.02,35.519999999999996,163.68,5.95,0,5,1,5,2185.735,1781.4272777777778
2020-05-17,2097.74,11.9,63.53,57.84,141.35999999999999,8.15,0,6,1,5,2086.429,1835.732
2020-05-18,2178.9230000000002,14.72,59.57,106.32,92.88,8.11,0,0,0,5,2097.74,2087.976
2020-05-19,2339.146,16.48,62.56,162.24,36.96,7.010000000000001,0,1,0,5,2178.9230000000002,2260.694
2020-05-20,2391.777,18.16,51.330000000000005,184.07999999999998,15.120000000000001,8.24,0,2,0,5,2339.146,2194.263
2020-05-21,2490.113,19.47,56.54999999999999,214.79999999999998,0.0,8.01,0,3,0,5,2391.777,2198.115
2020-05-22,2561.28,20.42,63.74,264.96,0.0,8.0,0,4,0,5,2490.113,2185.735
2020-05-23,2240.294,18.07,68.79,192.95999999999998,6.24,7.91,0,5,1,5,2561.28,2086.429
2020-05-24,2246.622,17.33,66.85,182.39999999999998,16.799999999999997,7.69,0,6,1,5,2240.294,2097.74
2020-05-25,2525.01,17.99,63.44,200.64,0.0,8.0,0,0,0,5,2246.622,2178.9230000000002
2020-05-26,2576.263,17.81,62.71,180.48,18.72,6.43,0,1,0,5,2525.01,2339.146
2020-05-27,2577.8450000000003,20.0,60.77,225.12,0.0,7.830000000000001,0,2,0,5,2576.263,2391.777
2020-05-28,2714.352,21.11,54.87,261.36,0.0,8.09,0,3,0,5,2577.8450000000003,2490.113
2020-05-29,2652.403,21.64,49.18,281.52,0.0,8.14,0,4,0,5,2714.352,2561.28
2020-05-30,2350.258,21.72,52.46,258.71999999999997,0.0,7.849999999999999,0,5,1,5,2652.403,2240.294
2020-05-31,2317.358,19.68,69.92,226.07999999999998,0.0,4.33,0,6,1,5,2350.258,2246.622
2020-06-01,2582.057,19.66,68.79,221.76,0.0,8.08,0,0,0,6,2317.358,2525.01
2020-06-02,2748.797,20.34,63.23,251.04000000000002,0.0,7.12,0,1,0,6,2582.057,2576.263
2020-06-03,2750.132,18.23,73.63,207.60000000000002,0.0,6.739999999999999,0,2,0,6,2748.797,2577.8450000000003
2020-06-04,2854.506,14.62,63.19,110.39999999999999,88.80000000000001,5.88,0,3,0,6,2750.132,2714.352
2020-06-05,2837.269,15.949999999999998,59.580000000000005,134.64000000000001,64.56,8.38,0,4,0,6,2854.506,2652.403
2020-06-06,2422.509,17.2,67.44,163.68,35.519999999999996,7.18,0,5,1,6,2837.269,2350.258
2020-06-07,2418.713,13.29,68.96,76.80000000000001,122.39999999999999,5.0,0,6,1,6,2422.509,2317.358
2020-06-08,2672.959,11.83,64.24,38.160000000000004,161.04,6.46,0,0,0,6,2418.713,2582.057
2020-06-09,2672.561,12.660000000000002,60.31,64.32000000000001,134.88,6.669999999999999,0,1,0,6,2672.959,2748.797
2020-06-10,2764.236,14.14,61.70000000000001,87.84,111.35999999999999,7.56,0,2,0,6,2672.561,2750.132
2020-06-11,2799.315,13.61,64.82,87.6,111.60000000000001,4.77,0,3,0,6,2764.236,2854.506
2020-06-12,2816.824,11.729999999999999,71.09,39.839999999999996,159.35999999999999,4.31,0,4,0,6,2799.315,2837.269
2020-06-13,2670.443,13.61,66.45,84.24,114.96000000000001,5.13,0,5,1,6,2816.824,2422.509
2020-06-14,2570.408,13.660000000000002,66.07,86.16,113.03999999999999,7.13,0,6,1,6,2670.443,2418.713
2020-06-15,2876.041,15.050000000000002,67.28,119.52000000000001,79.67999999999999,6.8,0,0,0,6,2570.408,2672.959
2020-06-16,2923.279,15.63,66.0,142.07999999999998,57.12,5.62,0,1,0,6,2876.041,2672.561
2020-06-17,2878.119,15.15,62.09,117.84,81.36,6.739999999999999,0,2,0,6,2923.279,2764.236
2020-06-18,2865.668,16.52,56.81,152.88,46.32,7.44,0,3,0,6,2878.119,2799.315
2020-06-19,2799.7129999999997,17.56,53.79,171.60000000000002,27.599999999999998,8.46,0,4,0,6,2865.668,2816.824
2020-06-20,2429.626,19.33,53.02,217.20000000000002,0.0,8.48,0,5,1,6,2799.7129999999997,2670.443
2020-06-21,2426.102,20.26,53.02,236.16,0.0,8.4,0,6,1,6,2429.626,2570.408
2020-06-22,4094.9809999999998,21.49,52.37,268.79999999999995,0.0,8.48,0,0,0,6,2426.102,2876.041
2020-06-23,4834.246,24.8,45.13,325.44,0.0,7.94,0,1,0,6,4094.9809999999998,2923.279
2020-06-24,4381.116,25.3,46.74,372.0,0.0,3.2999999999999994,0,2,0,6,4834.246,2878.119
2020-06-25,4460.142,23.600000000000005,52.21,340.08,0.0,4.88,0,3,0,6,4381.116,2865.668
2020-06-26,4287.113,21.07,52.98,273.6,0.0,6.07,0,4,0,6,4460.142,2799.7129999999997
2020-06-27,2599.08,20.79,59.04999999999999,252.24,0.0,8.04,0,5,1,6,4287.113,2429.626
2020-06-28,2610.076,22.0,55.46,275.76,0.0,8.29,0,6,1,6,2599.08,2426.102
2020-06-29,4656.947,22.570000000000004,56.32,300.71999999999997,0.0,8.31,0,0,0,6,2610.076,4094.9809999999998
2020-06-30,5131.709,24.14,51.19,325.20000000000005,0.0,7.62,0,1,0,6,4656.947,4834.246
2020-07-01,4981.499,23.399999999999995,50.62,326.4,0.0,8.37,0,2,0,7,5131.709,4381.116
2020-07-02,4751.813,19.82,56.47,238.07999999999998,0.0,8.23,0,3,0,7,4981.499,4460.142
2020-07-03,4439.602,18.2,50.84,199.92000000000002,0.0,8.67,0,4,0,7,4751.813,4287.113
2020-07-04,2767.706,20.53,45.49,236.64,0.0,8.58,0,5,1,7,4439.602,2599.08
2020-07-05,2793.13,22.99,46.43,300.96,0.0,8.43,0,6,1,7,2767.706,2610.076
2020-07-06,4847.375,22.17,54.89000000000001,300.96,0.0,8.23,0,0,0,7,2793.13,4656.947
2020-07-07,5138.781,22.98,43.49,311.28000000000003,0.0,8.37,0,1,0,7,4847.375,5131.709
2020-07-08,4684.91,24.290000000000003,47.84,353.76,0.0,4.71,0,2,0,7,5138.781,4981.499
2020-07-09,5089.469,22.94,59.32,314.4,0.0,7.87,0,3,0,7,4684.91,4751.813
2020-07-10,4818.686,21.91,60.76,299.28000000000003,0.0,8.21,0,4,0,7,5089.469,4439.602
2020-07-11,2731.58,22.05,54.669999999999995,289.20000000000005,0.0,8.06,0,5,1,7,4818.686,2767.706
2020-07-12,2696.74,21.95,60.669999999999995,300.48,0.0,7.46,0,6,1,7,2731.58,2793.13
2020-07-13,4798.979,20.23,55.85,264.71999999999997,0.0,8.26,0,0,0,7,2696.74,4847.375
2020-07-14,4681.447,18.9,45.76,224.64,0.0,8.26,0,1,0,7,4798.979,5138.781
2020-07-15,4600.71,18.86,52.85,210.71999999999997,0.0,8.21,0,2,0,7,4681.447,4684.91
2020-07-16,4743.426,20.22,47.09,249.36,0.0,8.18,0,3,0,7,4600.71,5089.469
2020-07-17,4684.983,19.7,49.16,238.32,0.0,8.43,0,4,0,7,4743.426,4818.686
2020-07-18,2761.5,21.399999999999995,47.26,275.04,0.0,8.49,0,5,1,7,4684.983,2731.58
2020-07-19,2740.72,24.87,39.95,361.44,0.0,8.05,0,6,1,7,2761.5,2696.74
2020-07-20,5057.301,23.929999999999996,46.76,337.20000000000005,0.0,8.11,0,0,0,7,2740.72,4798.979
2020-07-21,5017.629,24.61,48.330000000000005,354.96,0.0,6.489999999999999,0,1,0,7,5057.301,4681.447
2020-07-22,5162.566,24.429999999999996,51.96,352.79999999999995,0.0,7.81,0,2,0,7,5017.629,4600.71
2020-07-23,5351.483,25.17,52.35,352.79999999999995,0.0,7.760000000000001,0,3,0,7,5162.566,4743.426
2020-07-24,4977.956,23.09,48.21,318.24,0.0,8.01,0,4,0,7,5351.483,4684.983
2020-07-25,2793.182,23.76,42.28,327.6,0.0,8.05,1,5,1,7,4977.956,2761.5
2020-07-26,2804.118,24.23,41.99,336.71999999999997,0.0,8.04,0,6,1,7,2793.182,2740.72
2020-07-27,5917.456,27.24,35.25,419.52,0.0,7.84,0,0,0,7,2804.118,5057.301
2020-07-28,5630.999,24.06,55.06,348.0,0.0,7.739999999999999,0,1,0,7,5917.456,5017.629
2020-07-29,5749.597,25.69,47.78,370.56,0.0,7.41,0,2,0,7,5630.999,5162.566
2020-07-30,6318.298,28.63,39.23,456.24,0.0,6.34,0,3,0,7,5749.597,5351.483
2020-07-31,5703.17,27.16,35.31,410.88,0.0,7.849999999999999,0,4,0,7,6318.298,4977.956
2020-08-01,2871.83,23.66,48.419999999999995,336.48,0.0,7.79,0,5,1,8,5703.17,2793.182
2020-08-02,2695.219,21.48,53.81,284.15999999999997,0.0,7.46,0,6,1,8,2871.83,2804.118
2020-08-03,2799.188,20.7,48.60999999999999,261.36,0.0,7.61,0,0,0,8,2695.219,5917.456
2020-08-04,2824.277,20.77,46.77,258.71999999999997,0.0,7.650000000000001,0,1,0,8,2799.188,5630.999
2020-08-05,2859.167,24.0,38.09,329.76,0.0,7.61,0,2,0,8,2824.277,5749.597
2020-08-06,2897.662,26.99,34.96,396.96,0.0,6.98,0,3,0,8,2859.167,6318.298
2020-08-07,2864.2110000000002,28.02,36.45,438.48,0.0,7.3,0,4,0,8,2897.662,5703.17
2020-08-08,2773.123,27.42,43.94,420.24,0.0,6.31,0,5,1,8,2864.2110000000002,2871.83
2020-08-09,2799.373,27.02,37.07,415.20000000000005,0.0,7.239999999999999,0,6,1,8,2773.123,2695.219
2020-08-10,2866.308,25.67,38.21,372.48,0.0,6.43,0,0,0,8,2799.373,2799.188
2020-08-11,2735.99,23.3,53.73,330.48,0.0,0.8000000000000002,0,1,0,8,2866.308,2824.277
2020-08-12,2612.13,20.11,60.57,255.36,0.0,5.25,0,2,0,8,2735.99,2859.167
2020-08-13,2580.279,20.1,50.98,240.24,0.0,7.34,0,3,0,8,2612.13,2897.662
2020-08-14,2595.265,21.59,46.5,287.76,0.0,7.2,0,4,0,8,2580.279,2864.2110000000002
2020-08-15,2506.429,19.1,49.28,218.39999999999998,0.0,7.36,1,5,1,8,2595.265,2773.123
2020-08-16,2484.919,18.37,52.29999999999999,203.28000000000003,0.0,7.19,0,6,1,8,2506.429,2799.373
2020-08-17,4521.952,18.81,67.5,233.52,0.0,6.25,0,0,0,8,2484.919,2866.308
2020-08-18,4488.121,20.26,66.63,253.68,0.0,4.22,0,1,0,8,4521.952,2735.99
2020-08-19,4722.797,21.679999999999996,39.73,284.4,0.0,7.32,0,2,0,8,4488.121,2612.13
2020-08-20,4731.83,22.38,50.87,304.56,0.0,6.09,0,3,0,8,4722.797,2580.279
2020-08-21,4327.948,20.33,59.93,270.0,0.0,4.64,0,4,0,8,4731.83,2595.265
2020-08-22,2485.823,19.27,51.41,222.24,0.0,7.07,0,5,1,8,4327.948,2506.429
2020-08-23,2473.651,19.93,51.04,248.88,0.0,7.02,0,6,1,8,2485.823,2484.919
2020-08-24,4598.529,21.06,45.94,262.32,0.0,6.89,0,0,0,8,2473.651,4521.952
2020-08-25,4846.759,23.69,36.74,343.92,0.0,6.93,0,1,0,8,4598.529,4488.121
2020-08-26,4846.222,23.53,45.04,328.32,0.0,6.86,0,2,0,8,4846.759,4722.797
2020-08-27,5037.296,24.01,46.71,346.08,0.0,6.66,0,3,0,8,4846.222,4731.83
2020-08-28,4749.356,20.06,52.79999999999999,231.12,0.0,6.580000000000001,0,4,0,8,5037.296,4327.948
2020-08-29,2532.906,14.050000000000002,60.03,105.12,94.08,4.92,0,5,1,8,4749.356,2485.823
2020-08-30,2492.862,13.11,59.169999999999995,79.19999999999999,120.0,4.17,0,6,1,8,2532.906,2473.651
2020-08-31,4217.517,14.97,48.19,111.84,87.36,6.150000000000001,0,0,0,8,2492.862,4598.529
2020-09-01,4656.115,18.67,38.29,229.68,0.0,6.39,0,1,0,9,4217.517,4846.759
2020-09-02,4741.642,17.83,50.39000000000001,197.28000000000003,1.92,6.52,0,2,0,9,4656.115,4846.222
2020-09-03,4883.254,20.62,36.59,249.36,0.0,6.489999999999999,0,3,0,9,4741.642,5037.296
2020-09-04,5052.568,23.33,32.8,314.88,0.0,6.38,0,4,0,9,4883.254,4749.356
2020-09-05,2660.603,21.86,45.63,304.32,0.0,6.260000000000001,0,5,1,9,5052.568,2532.906
2020-09-06,2576.937,18.73,56.74,229.92000000000002,0.0,6.18,0,6,1,9,2660.603,2492.862
2020-09-07,4468.359,15.35,54.669999999999995,141.60000000000002,57.599999999999994,6.3,0,0,0,9,2576.937,4217.517
2020-09-08,4210.421,16.53,48.9,172.56,26.64,6.19,0,1,0,9,4468.359,4656.115
2020-09-09,4824.629,19.19,44.02,224.39999999999998,0.0,6.09,0,2,0,9,4210.421,4741.642
2020-09-10,4886.04,19.87,49.59,244.56,0.0,6.02,0,3,0,9,4824.629,4883.254
2020-09-11,4812.012,20.6,46.71,259.68,0.0,6.0,0,4,0,9,4886.04,5052.568
2020-09-12,2693.691,21.540000000000003,42.68,286.32,0.0,5.88,0,5,1,9,4812.012,2660.603
2020-09-13,2677.776,22.56,41.62,301.20000000000005,0.0,4.82,0,6,1,9,2693.691,2576.937
2020-09-14,4955.822,22.45,48.01,306.0,0.0,2.46,0,0,0,9,2677.776,4468.359
2020-09-15,4791.559,21.29,53.38,271.92,0.0,5.16,0,1,0,9,4955.822,4210.421
2020-09-16,4966.499,21.97,45.57,288.0,0.0,5.07,0,2,0,9,4791.559,4824.629
2020-09-17,4864.49,20.14,67.03,248.16,0.0,4.63,0,3,0,9,4966.499,4886.04
2020-09-18,4665.5740000000005,17.66,74.29,182.16,17.04,4.99,0,4,0,9,4864.49,4812.012
2020-09-19,2678.833,15.910000000000002,76.87,162.0,37.2,3.41,0,5,1,9,4665.5740000000005,2693.691
2020-09-20,2645.41,16.62,77.94,171.60000000000002,27.599999999999998,3.58,0,6,1,9,2678.833,2677.776
2020-09-21,4576.964,16.2,73.17,172.32,26.880000000000003,5.0,0,0,0,9,2645.41,4955.822
2020-09-22,4460.77,15.63,64.16,136.07999999999998,63.12,5.11,0,1,0,9,4576.964,4791.559
2020-09-23,3899.654,16.02,76.18,156.96,42.24,4.16,0,2,0,9,4460.77,4966.499
2020-09-24,3764.696,13.9,67.33,110.64000000000001,88.56,4.24,0,3,0,9,3899.654,4864.49
2020-09-25,4175.7570000000005,10.51,65.45,28.56,170.64000000000001,4.62,0,4,0,9,3764.696,4665.5740000000005
2020-09-26,2711.661,11.72,74.86,45.839999999999996,153.35999999999999,4.59,0,5,1,9,4175.7570000000005,2678.833
2020-09-27,2605.971,12.229999999999999,64.95,54.480000000000004,144.72,4.98,0,6,1,9,2711.661,2645.41
2020-09-28,4396.395,10.82,59.77,27.599999999999998,171.60000000000002,5.23,0,0,0,9,2605.971,4576.964
2020-09-29,4316.526,15.32,48.5,142.8,56.400000000000006,5.05,0,1,0,9,4396.395,4460.77
2020-09-30,4192.842,16.03,46.169999999999995,172.32,26.880000000000003,5.03,0,2,0,9,4316.526,3899.654
2020-10-01,4348.077,13.87,61.81,109.68,89.52,4.24,0,3,0,10,4192.842,3764.696
2020-10-02,4322.843,10.4,70.4,0.0,206.64,4.01,0,4,0,10,4348.077,4175.7570000000005
2020-10-03,2577.543,9.32,66.92,0.96,198.24,3.77,0,5,1,10,4322.843,2711.661
2020-10-04,2555.434,10.72,69.85,21.12,178.07999999999998,3.64,0,6,1,10,2577.543,2605.971
2020-10-05,4273.086,11.050000000000002,73.83,37.44,161.76,4.42,0,0,0,10,2555.434,4396.395
2020-10-06,4311.26,15.21,74.77,155.04,44.160000000000004,3.68,0,1,0,10,4273.086,4316.526
2020-10-07,4349.814,15.65,72.93,154.56,44.64,4.59,0,2,0,10,4311.26,4192.842
2020-10-08,4303.968,16.51,59.53,164.39999999999998,34.8,3.14,0,3,0,10,4349.814,4348.077
2020-10-09,4160.047,16.59,53.43,180.24,18.96,4.52,0,4,0,10,4303.968,4322.843
2020-10-10,2507.433,12.29,73.76,65.76,133.44,4.31,0,5,1,10,4160.047,2577.543
2020-10-11,2389.975,9.44,66.51,23.28,175.92000000000002,4.44,0,6,1,10,2507.433,2555.434
2020-10-12,2523.9900000000002,10.66,66.3,27.119999999999997,172.07999999999998,4.39,1,0,0,10,2389.975,4273.086
2020-10-13,4485.875,11.75,73.22,53.28,145.92000000000002,3.77,0,1,0,10,2523.9900000000002,4311.26
2020-10-14,4578.555,8.69,70.64,0.0,208.79999999999998,3.86,0,2,0,10,4485.875,4349.814
2020-10-15,4796.073,7.41,74.64,0.0,246.0,3.16,0,3,0,10,4578.555,4303.968
2020-10-16,4840.816,7.14,65.99,0.0,248.88,4.01,0,4,0,10,4796.073,4160.047
2020-10-17,2718.064,9.97,54.04,8.16,191.04,3.8699999999999997,0,5,1,10,4840.816,2507.433
2020-10-18,2703.194,12.37,52.04999999999999,80.88,118.32,3.48,0,6,1,10,2718.064,2389.975
2020-10-19,5013.27,13.96,50.44,108.47999999999999,90.72,3.72,0,0,0,10,2703.194,2523.9900000000002
2020-10-20,4714.854,13.5,81.37,86.16,113.03999999999999,0.63,0,1,0,10,5013.27,4485.875
2020-10-21,4578.451,12.18,79.16,62.400000000000006,136.8,2.58,0,2,0,10,4714.854,4578.555
2020-10-22,4634.164,11.71,82.73,63.36,135.84,2.28,0,3,0,10,4578.451,4796.073
2020-10-23,4567.129,9.29,84.8,0.24,198.95999999999998,2.73,0,4,0,10,4634.164,4840.816
2020-10-24,2725.446,9.57,80.51,11.28,187.92000000000002,2.9599999999999995,0,5,1,10,4567.129,2718.064
2020-10-25,2838.617,10.18,86.3,0.0,212.25,1.15,0,6,1,10,2725.446,2703.194
2020-10-26,5112.542,7.09,77.39,0.0,244.79999999999998,2.89,0,0,0,10,2838.617,5013.27
2020-10-27,5087.018,8.43,86.8,0.0,229.92000000000002,1.49,0,1,0,10,5112.542,4714.854
2020-10-28,4943.218,10.12,87.15000000000002,12.72,186.48,1.93,0,2,0,10,5087.018,4578.451
2020-10-29,4720.423,9.13,81.68,11.52,187.68,3.44,0,3,0,10,4943.218,4634.164
2020-10-30,4813.282,9.72,81.05,20.88,178.32,3.5,0,4,0,10,4720.423,4567.129
2020-10-31,2704.7110000000002,10.79,84.47,44.400000000000006,154.8,3.1300000000000003,0,5,1,10,4813.282,2725.446
2020-11-01,2689.131,12.39,88.69,80.16,119.03999999999999,2.63,1,6,1,11,2704.7110000000002,2838.617
2020-11-02,2693.749,13.229999999999999,83.7,95.03999999999999,104.16,2.19,0,0,0,11,2689.131,5112.542
2020-11-03,4850.1230000000005,9.6,79.07,0.0,235.92000000000002,2.59,0,1,0,11,2693.749,5087.018
2020-11-04,4973.902,5.61,73.53,0.0,278.4,2.26,0,2,0,11,4850.1230000000005,4943.218
2020-11-05,5346.398,8.84,85.93,0.0,219.12,0.89,0,3,0,11,4973.902,4720.423
2020-11-06,4963.629,13.04,83.34,86.64,112.56,0.87,0,4,0,11,5346.398,4813.282
2020-11-07,2730.869,11.15,83.33,39.12,160.07999999999998,1.8500000000000003,0,5,1,11,4963.629,2704.7110000000002
2020-11-08,2726.134,10.28,83.86,28.56,170.64000000000001,2.51,0,6,1,11,2730.869,2689.131
2020-11-09,5023.697,9.59,87.12,9.120000000000001,190.07999999999998,2.32,0,0,0,11,2726.134,2693.749
2020-11-10,5271.0960000000005,8.36,82.36,0.0,203.76,1.79,0,1,0,11,5023.697,4850.1230000000005
2020-11-11,5221.993,8.33,78.27,0.0,222.95999999999998,2.45,0,2,0,11,5271.0960000000005,4973.902
2020-11-12,5175.767,8.93,81.79,0.0,204.95999999999998,2.8800000000000003,0,3,0,11,5221.993,5346.398
2020-11-13,4224.026,8.79,75.22,2.88,196.32,2.52,0,4,0,11,5175.767,4963.629
2020-11-14,2860.426,9.57,87.83999999999999,5.5200000000000005,193.68,1.93,0,5,1,11,4224.026,2730.869
2020-11-15,2796.45,11.949999999999998,92.49,58.08,141.12,1.08,0,6,1,11,2860.426,2726.134
2020-11-16,4929.487,10.19,81.31,16.080000000000002,183.12,2.43,0,0,0,11,2796.45,5023.697
2020-11-17,5113.607,9.56,80.07,25.68,173.52,2.67,0,1,0,11,4929.487,5271.0960000000005
2020-11-18,5131.227,9.73,79.77,26.400000000000002,172.8,2.72,0,2,0,11,5113.607,5221.993
2020-11-19,5101.283,9.17,88.82,16.56,182.64000000000001,2.68,0,3,0,11,5131.227,5175.767
2020-11-20,5021.639,5.919999999999999,76.33,0.0,261.84000000000003,2.65,0,4,0,11,5101.283,4224.026
2020-11-21,3010.891,5.93,61.24,0.0,261.36,2.67,0,5,1,11,5021.639,2860.426
2020-11-22,3019.195,6.900000000000001,59.330000000000005,0.0,259.44,2.68,0,6,1,11,3010.891,2796.45
2020-11-23,5333.235,7.989999999999999,58.37,0.0,236.16,2.51,0,0,0,11,3019.195,4929.487
2020-11-24,5578.024,6.400000000000001,78.1,0.0,265.68,2.14,0,1,0,11,5333.235,5113.607
2020-11-25,5539.037,6.419999999999999,85.64,0.0,264.24,1.97,0,2,0,11,5578.024,5131.227
2020-11-26,5436.374,8.09,86.02,0.0,222.0,1.03,0,3,0,11,5539.037,5101.283
2020-11-27,4992.72,7.41,89.13,0.0,240.24,1.5,0,4,0,11,5436.374,5021.639
2020-11-28,3071.035,5.62,86.91000000000001,0.0,273.36,2.07,0,5,1,11,4992.72,3010.891
2020-11-29,3058.956,6.41,84.84,0.0,267.84000000000003,2.23,0,6,1,11,3071.035,3019.195
2020-11-30,5527.632,6.36,85.86,0.0,257.76,1.8500000000000003,0,0,0,11,3058.956,5333.235
2020-12-01,5714.363,5.08,76.09,0.0,291.12,1.97,0,1,0,12,5527.632,5578.024
2020-12-02,5718.313,3.2000000000000006,82.43,0.0,351.12,1.9400000000000002,0,2,0,12,5714.363,5539.037
2020-12-03,5728.407999999999,2.9,77.71,0.0,369.36,1.7299999999999998,0,3,0,12,5718.313,5436.374
2020-12-04,2876.007,1.8999999999999997,90.17,0.0,380.15999999999997,1.92,0,4,0,12,5728.407999999999,4992.72
2020-12-05,2943.55,1.6900000000000002,88.36,0.0,380.4,1.72,0,5,1,12,2876.007,3071.035
2020-12-06,3177.197,2.5,90.62,0.0,370.08,1.8,1,6,1,12,2943.55,3058.956
2020-12-07,3215.119,6.2,86.91000000000001,0.0,280.56,1.05,0,0,0,12,3177.197,5527.632
2020-12-08,3244.758,3.4599999999999995,86.66000000000001,0.0,349.20000000000005,1.8099999999999998,1,1,0,12,3215.119,5714.363
2020-12-09,6247.059,2.67,85.40000000000002,0.0,360.71999999999997,1.68,0,2,0,12,3244.758,5718.313
2020-12-10,5684.869,8.13,95.71,0.0,252.71999999999997,0.75,0,3,0,12,6247.059,5728.407999999999
2020-12-11,5128.923,10.64,85.89,22.56,176.64000000000001,0.9899999999999999,0,4,0,12,5684.869,2876.007
2020-12-12,3036.026,7.22,85.24,0.0,248.39999999999998,2.2,0,5,1,12,5128.923,2943.55
2020-12-13,3108.168,8.19,93.07,0.0,229.92000000000002,0.9899999999999999,0,6,1,12,3036.026,3177.197
2020-12-14,5661.229,8.65,92.65000000000002,0.0,220.07999999999998,1.54,0,0,0,12,3108.168,3215.119
2020-12-15,5468.326,5.39,86.49,0.0,304.08,1.6499999999999997,0,1,0,12,5661.229,3244.758
2020-12-16,5408.928,5.52,92.57,0.0,298.56,0.7399999999999999,0,2,0,12,5468.326,6247.059
2020-12-17,5474.029,4.45,89.24,0.0,331.92,1.15,0,3,0,12,5408.928,5684.869
2020-12-18,5433.939,3.2999999999999994,92.7,0.0,343.68,1.3999999999999997,0,4,0,12,5474.029,5128.923
2020-12-19,2946.016,5.22,96.29,0.0,311.28000000000003,0.89,0,5,1,12,5433.939,3036.026
2020-12-20,2897.169,4.96,92.54,0.0,297.6,1.41,0,6,1,12,2946.016,3108.168
2020-12-21,5729.1050000000005,7.11,98.09999999999998,0.0,259.92,0.92,0,0,0,12,2897.169,5661.229
2020-12-22,4752.25,8.35,94.12,3.3600000000000003,195.84,1.92,0,1,0,12,5729.1050000000005,5468.326
2020-12-23,2605.459,6.650000000000001,94.36,0.0,276.48,1.09,0,2,0,12,4752.25,5408.928
2020-12-24,2628.028,2.8699999999999997,84.61,0.0,350.15999999999997,1.87,0,3,0,12,2605.459,5474.029
2020-12-25,2782.335,0.43,84.66,0.0,415.91999999999996,2.13,1,4,0,12,2628.028,5433.939
2020-12-26,2596.72,-0.09000000000000001,86.69,0.0,408.0,2.04,1,5,1,12,2782.335,2946.016
2020-12-27,2577.15,1.93,86.14,0.0,394.79999999999995,1.03,0,6,1,12,2596.72,2897.169
2020-12-28,2657.0280000000002,3.2999999999999994,82.44,0.0,363.36,2.2,0,0,0,12,2577.15,5729.1050000000005
2020-12-29,2715.166,2.05,85.55,0.0,387.84000000000003,1.8500000000000003,0,1,0,12,2657.0280000000002,4752.25
2020-12-30,2722.273,0.68,88.73,0.0,399.84000000000003,1.84,0,2,0,12,2715.166,2605.459
2020-12-31,2629.34,2.83,94.64,0.0,359.52,0.91,0,3,0,12,2722.273,2628.028
